subset_mode,season,fixture_id,kickoff_at,league,country,home_team,away_team,favorite_side,favorite_team,underdog_side,underdog_team,draw_edge,model_draw_probability,fair_market_draw_probability,actual_outcome,home_score,away_score,total_goals,draw_hit,favorite_win_hit,underdog_win_hit,under_2_5_hit,over_2_5_hit,under_3_5_hit,btts_yes_hit,btts_no_hit,exact_0_0_hit,exact_1_1_hit,exact_1_0_hit,exact_0_1_hit,exact_2_2_hit,draw_odds,favorite_ml_odds,underdog_ml_odds,under_2_5_odds,over_2_5_odds,home_tt_under_1_5_odds,away_tt_under_1_5_odds,favorite_tt_under_1_5_odds,underdog_tt_under_1_5_odds,home_tt_over_1_5_odds,away_tt_over_1_5_odds,favorite_tt_over_1_5_odds,underdog_tt_over_1_5_odds,home_tt_under_1_5_hit,away_tt_under_1_5_hit,favorite_tt_under_1_5_hit,underdog_tt_under_1_5_hit,home_tt_over_1_5_hit,away_tt_over_1_5_hit,favorite_tt_over_1_5_hit,underdog_tt_over_1_5_hit,draw_profit_units,favorite_ml_profit_units,underdog_ml_profit_units,under_2_5_profit_units,over_2_5_profit_units,home_tt_under_1_5_profit_units,away_tt_under_1_5_profit_units,favorite_tt_under_1_5_profit_units,underdog_tt_under_1_5_profit_units,home_tt_over_1_5_profit_units,away_tt_over_1_5_profit_units,favorite_tt_over_1_5_profit_units,underdog_tt_over_1_5_profit_units
positive_edge,2023-24,6656,2023-08-11T18:00:00+00:00,Eredivisie,Netherlands,FC Volendam,Vitesse,away,Vitesse,home,FC Volendam,0.038879,0.285206,0.246327,away,1,2,3,0,1,0,0,1,1,1,0,0,0,0,0,0,3.94,1.94,3.83,,,1.56,2.22,2.22,1.56,2.55,1.71,1.71,2.55,1,0,0,1,0,1,1,0,-1.0,0.94,-1.0,,,0.56,-1.0,-1.0,0.56,-1.0,0.71,0.71,-1.0
positive_edge,2023-24,6657,2023-08-12T14:30:00+00:00,Eredivisie,Netherlands,PSV,FC Utrecht,home,PSV,away,FC Utrecht,0.128759,0.285363,0.156604,home,2,0,2,0,1,0,1,0,1,0,1,0,0,0,0,0,6.17,1.3,9.65,,,,,,,,,,,0,1,0,1,1,0,1,0,-1.0,0.3,-1.0,,,,,,,,,,
positive_edge,2023-24,6658,2023-08-12T16:45:00+00:00,Eredivisie,Netherlands,SC Heerenveen,RKC Waalwijk,home,SC Heerenveen,away,RKC Waalwijk,0.070165,0.285335,0.21517,home,3,1,4,0,1,0,0,1,0,1,0,0,0,0,0,0,4.5,1.57,5.76,,,2.62,1.43,2.62,1.43,1.53,2.97,1.53,2.97,0,1,0,1,1,0,1,0,-1.0,0.57,-1.0,,,-1.0,0.43,-1.0,0.43,0.53,-1.0,0.53,-1.0
positive_edge,2023-24,6659,2023-08-12T18:00:00+00:00,Eredivisie,Netherlands,Ajax,Heracles Almelo,home,Ajax,away,Heracles Almelo,0.148816,0.284273,0.135457,home,4,1,5,0,1,0,0,1,0,1,0,0,0,0,0,0,7.13,1.25,10.51,,,,,,,,,,,0,1,0,1,1,0,1,0,-1.0,0.25,-1.0,,,,,,,,,,
positive_edge,2023-24,6660,2023-08-12T19:00:00+00:00,Eredivisie,Netherlands,PEC Zwolle,Sparta Rotterdam,home,PEC Zwolle,away,Sparta Rotterdam,0.00994,0.282448,0.272508,away,1,2,3,0,0,1,0,1,1,1,0,0,0,0,0,0,3.57,2.64,2.71,,,1.65,1.65,1.65,1.65,2.33,2.34,2.33,2.34,1,0,1,0,0,1,0,1,-1.0,-1.0,1.71,,,0.65,-1.0,0.65,-1.0,-1.0,1.34,-1.0,1.34
positive_edge,2023-24,6661,2023-08-13T10:15:00+00:00,Eredivisie,Netherlands,NEC,Excelsior,home,NEC,away,Excelsior,0.07752,0.282638,0.205118,away,3,4,7,0,0,1,0,1,0,1,0,0,0,0,0,0,4.72,1.48,6.88,,,2.63,,2.63,,1.52,,1.52,,0,0,0,0,1,1,1,1,-1.0,-1.0,5.88,,,-1.0,,-1.0,,0.52,,0.52,
positive_edge,2023-24,6662,2023-08-13T12:30:00+00:00,Eredivisie,Netherlands,AZ,Go Ahead Eagles,home,AZ,away,Go Ahead Eagles,0.061901,0.280828,0.218927,home,5,1,6,0,1,0,0,1,0,1,0,0,0,0,0,0,4.43,1.54,6.41,,,2.42,,2.42,,1.61,,1.61,,0,1,0,1,1,0,1,0,-1.0,0.54,-1.0,,,-1.0,,-1.0,,0.61,,0.61,
positive_edge,2023-24,6663,2023-08-13T12:30:00+00:00,Eredivisie,Netherlands,Feyenoord,Fortuna Sittard,home,Feyenoord,away,Fortuna Sittard,0.156799,0.280828,0.124029,draw,0,0,0,1,0,0,1,0,1,0,1,1,0,0,0,0,7.76,1.17,18.04,,,,,,,,,,,1,1,1,1,0,0,0,0,6.76,-1.0,-1.0,,,,,,,,,,
positive_edge,2023-24,6664,2023-08-13T14:45:00+00:00,Eredivisie,Netherlands,Almere City,FC Twente,away,FC Twente,home,Almere City,0.047347,0.279714,0.232366,away,1,4,5,0,1,0,0,1,0,1,0,0,0,0,0,0,4.18,1.61,5.91,,,,2.31,2.31,,,1.67,1.67,,1,0,0,1,0,1,1,0,-1.0,0.61,-1.0,,,,-1.0,-1.0,,,0.67,0.67,
positive_edge,2023-24,6670,2023-08-20T10:15:00+00:00,Eredivisie,Netherlands,FC Utrecht,SC Heerenveen,home,FC Utrecht,away,SC Heerenveen,0.031712,0.280409,0.248698,away,0,2,2,0,0,1,1,0,1,0,1,0,0,0,0,0,3.9,1.86,4.22,,,2.18,1.45,2.18,1.45,1.74,2.92,1.74,2.92,1,0,1,0,0,1,0,1,-1.0,-1.0,3.22,,,1.18,-1.0,1.18,-1.0,-1.0,1.92,-1.0,1.92
positive_edge,2023-24,6671,2023-08-20T12:30:00+00:00,Eredivisie,Netherlands,Sparta Rotterdam,Feyenoord,away,Feyenoord,home,Sparta Rotterdam,0.056917,0.282218,0.225301,draw,2,2,4,1,0,0,0,1,0,1,0,0,0,0,0,1,4.3,1.7,4.73,,,,2.35,2.35,,,1.64,1.64,,0,0,0,0,1,1,1,1,3.3,-1.0,-1.0,,,,-1.0,-1.0,,,0.64,0.64,
positive_edge,2023-24,6672,2023-08-20T12:30:00+00:00,Eredivisie,Netherlands,FC Twente,PEC Zwolle,home,FC Twente,away,PEC Zwolle,0.088643,0.266272,0.177628,home,3,1,4,0,1,0,0,1,0,1,0,0,0,0,0,0,5.47,1.4,7.57,,,,,,,,,,,0,1,0,1,1,0,1,0,-1.0,0.4,-1.0,,,,,,,,,,
positive_edge,2023-24,6673,2023-08-20T14:45:00+00:00,Eredivisie,Netherlands,RKC Waalwijk,AZ,away,AZ,home,RKC Waalwijk,0.045751,0.270361,0.22461,away,1,3,4,0,1,0,0,1,0,1,0,0,0,0,0,0,4.32,1.65,5.18,,,1.41,2.47,2.47,1.41,3.02,1.59,1.59,3.02,1,0,0,1,0,1,1,0,-1.0,0.65,-1.0,,,0.41,-1.0,-1.0,0.41,-1.0,0.59,0.59,-1.0
positive_edge,2023-24,6674,2023-08-26T16:45:00+00:00,Eredivisie,Netherlands,NEC,RKC Waalwijk,home,NEC,away,RKC Waalwijk,0.044388,0.263597,0.219209,home,3,0,3,0,1,0,0,1,1,0,1,0,0,0,0,0,4.42,1.69,4.67,,,2.45,1.42,2.45,1.42,1.6,3.04,1.6,3.04,0,1,0,1,1,0,1,0,-1.0,0.69,-1.0,,,-1.0,0.42,-1.0,0.42,0.6,-1.0,0.6,-1.0
positive_edge,2023-24,6675,2023-08-26T19:00:00+00:00,Eredivisie,Netherlands,Excelsior,Fortuna Sittard,away,Fortuna Sittard,home,Excelsior,0.005863,0.268858,0.262995,draw,2,2,4,1,0,0,0,1,0,1,0,0,0,0,0,1,3.7,2.39,2.95,,,1.62,1.8,1.8,1.62,2.4,2.09,2.09,2.4,0,0,0,0,1,1,1,1,2.7,-1.0,-1.0,,,-1.0,-1.0,-1.0,-1.0,1.4,1.09,1.09,1.4
positive_edge,2023-24,6676,2023-08-27T10:15:00+00:00,Eredivisie,Netherlands,PEC Zwolle,FC Utrecht,away,FC Utrecht,home,PEC Zwolle,0.026638,0.278011,0.251373,home,1,0,1,0,0,1,1,0,1,0,1,0,0,1,0,0,3.87,2.44,2.78,,,1.75,1.88,1.88,1.75,2.16,1.99,1.99,2.16,1,1,1,1,0,0,0,0,-1.0,-1.0,1.78,,,0.75,0.88,0.88,0.75,-1.0,-1.0,-1.0,-1.0
positive_edge,2023-24,6677,2023-08-27T12:30:00+00:00,Eredivisie,Netherlands,Feyenoord,Almere City,home,Feyenoord,away,Almere City,0.175176,0.273109,0.097933,home,6,1,7,0,1,0,0,1,0,1,0,0,0,0,0,0,9.9,1.14,18.79,,,,,,,,,,,0,1,0,1,1,0,1,0,-1.0,0.14,-1.0,,,,,,,,,,
positive_edge,2023-24,6678,2023-08-27T14:45:00+00:00,Eredivisie,Netherlands,SC Heerenveen,Sparta Rotterdam,home,SC Heerenveen,away,Sparta Rotterdam,0.00882,0.266055,0.257235,away,1,3,4,0,0,1,0,1,0,1,0,0,0,0,0,0,3.78,2.24,3.15,,,1.84,1.57,1.84,1.57,2.04,2.51,2.04,2.51,1,0,1,0,0,1,0,1,-1.0,-1.0,2.15,,,0.84,-1.0,0.84,-1.0,-1.0,1.51,-1.0,1.51
positive_edge,2023-24,6680,2023-09-02T14:30:00+00:00,Eredivisie,Netherlands,Almere City,PEC Zwolle,away,PEC Zwolle,home,Almere City,0.002131,0.268134,0.266003,away,1,2,3,0,1,0,0,1,1,1,0,0,0,0,0,0,3.66,2.41,2.95,,,1.67,1.85,1.85,1.67,2.3,2.03,2.03,2.3,1,0,0,1,0,1,1,0,-1.0,1.41,-1.0,,,0.67,-1.0,-1.0,0.67,-1.0,1.03,1.03,-1.0
positive_edge,2023-24,6681,2023-09-02T16:45:00+00:00,Eredivisie,Netherlands,Go Ahead Eagles,SC Heerenveen,home,Go Ahead Eagles,away,SC Heerenveen,0.002276,0.259335,0.257059,home,3,2,5,0,1,0,0,1,0,1,0,0,0,0,0,0,3.78,2.02,3.71,,,1.99,1.5,1.99,1.5,1.88,2.73,1.88,2.73,0,0,0,0,1,1,1,1,-1.0,1.02,-1.0,,,-1.0,-1.0,-1.0,-1.0,0.88,1.73,0.88,1.73
positive_edge,2023-24,6682,2023-09-02T18:00:00+00:00,Eredivisie,Netherlands,RKC Waalwijk,PSV,away,PSV,home,RKC Waalwijk,0.122607,0.271492,0.148885,away,0,4,4,0,1,0,0,1,0,0,1,0,0,0,0,0,6.48,1.27,10.55,,,1.44,,,1.44,2.88,,,2.88,1,0,0,1,0,1,1,0,-1.0,0.27,-1.0,,,0.44,,,0.44,-1.0,,,-1.0
positive_edge,2023-24,6683,2023-09-02T19:00:00+00:00,Eredivisie,Netherlands,Heracles Almelo,Excelsior,home,Heracles Almelo,away,Excelsior,0.012723,0.259954,0.247231,home,3,1,4,0,1,0,0,1,0,1,0,0,0,0,0,0,3.93,1.83,4.38,,,2.35,1.46,2.35,1.46,1.68,2.86,1.68,2.86,0,1,0,1,1,0,1,0,-1.0,0.83,-1.0,,,-1.0,0.46,-1.0,0.46,0.68,-1.0,0.68,-1.0
positive_edge,2023-24,6684,2023-09-03T10:15:00+00:00,Eredivisie,Netherlands,FC Utrecht,Feyenoord,away,Feyenoord,home,FC Utrecht,0.048129,0.275576,0.227447,away,1,5,6,0,1,0,0,1,0,1,0,0,0,0,0,0,4.27,1.74,4.53,,,1.46,2.46,2.46,1.46,2.86,1.6,1.6,2.86,1,0,0,1,0,1,1,0,-1.0,0.74,-1.0,,,0.46,-1.0,-1.0,0.46,-1.0,0.6,0.6,-1.0
positive_edge,2023-24,6685,2023-09-03T12:30:00+00:00,Eredivisie,Netherlands,FC Volendam,FC Twente,away,FC Twente,home,FC Volendam,0.069014,0.26135,0.192337,away,0,2,2,0,1,0,1,0,1,0,1,0,0,0,0,0,5.04,1.47,6.54,,,1.42,2.52,2.52,1.42,3.03,1.55,1.55,3.03,1,0,0,1,0,1,1,0,-1.0,0.47,-1.0,,,0.42,-1.0,-1.0,0.42,-1.0,0.55,0.55,-1.0
positive_edge,2023-24,6686,2023-09-03T12:30:00+00:00,Eredivisie,Netherlands,Fortuna Sittard,Ajax,away,Ajax,home,Fortuna Sittard,0.057456,0.267703,0.210247,draw,0,0,0,1,0,0,1,0,1,0,1,1,0,0,0,0,4.62,1.61,5.21,,,,2.6,2.6,,,1.54,1.54,,1,1,1,1,0,0,0,0,3.62,-1.0,-1.0,,,,1.6,1.6,,,-1.0,-1.0,
positive_edge,2023-24,6688,2023-09-16T14:30:00+00:00,Eredivisie,Netherlands,Feyenoord,SC Heerenveen,home,Feyenoord,away,SC Heerenveen,0.09309,0.231093,0.138003,home,6,1,7,0,1,0,0,1,0,1,0,0,0,0,0,0,6.94,1.21,13.59,,,,,,,,,,,0,1,0,1,1,0,1,0,-1.0,0.21,-1.0,,,,,,,,,,
positive_edge,2023-24,6689,2023-09-16T16:45:00+00:00,Eredivisie,Netherlands,Vitesse,RKC Waalwijk,home,Vitesse,away,RKC Waalwijk,0.064364,0.267398,0.203034,away,0,2,2,0,0,1,1,0,1,0,1,0,0,0,0,0,4.77,1.52,6.06,,,,1.41,,1.41,,3.01,,3.01,1,0,1,0,0,1,0,1,-1.0,-1.0,5.06,,,,-1.0,,-1.0,,2.01,,2.01
positive_edge,2023-24,6690,2023-09-16T18:00:00+00:00,Eredivisie,Netherlands,Fortuna Sittard,FC Volendam,home,Fortuna Sittard,away,FC Volendam,0.080764,0.280866,0.200102,home,3,1,4,0,1,0,0,1,0,1,0,0,0,0,0,0,4.84,1.51,6.11,,,2.62,1.42,2.62,1.42,1.53,2.99,1.53,2.99,0,1,0,1,1,0,1,0,-1.0,0.51,-1.0,,,-1.0,0.42,-1.0,0.42,0.53,-1.0,0.53,-1.0
positive_edge,2023-24,6691,2023-09-16T18:00:00+00:00,Eredivisie,Netherlands,PSV,NEC,home,PSV,away,NEC,0.150896,0.257226,0.106331,home,4,0,4,0,1,0,0,1,0,0,1,0,0,0,0,0,9.08,1.15,17.84,,,,,,,,,,,0,1,0,1,1,0,1,0,-1.0,0.15,-1.0,,,,,,,,,,
positive_edge,2023-24,6694,2023-09-17T12:30:00+00:00,Eredivisie,Netherlands,Excelsior,Almere City,home,Excelsior,away,Almere City,0.001857,0.246052,0.244195,draw,0,0,0,1,0,0,1,0,1,0,1,1,0,0,0,0,3.98,2.05,3.45,,,2.04,1.54,2.04,1.54,1.84,2.59,1.84,2.59,1,1,1,1,0,0,0,0,2.98,-1.0,-1.0,,,1.04,0.54,1.04,0.54,-1.0,-1.0,-1.0,-1.0
positive_edge,2023-24,6696,2023-09-17T14:45:00+00:00,Eredivisie,Netherlands,AZ,Sparta Rotterdam,home,AZ,away,Sparta Rotterdam,0.043609,0.259484,0.215875,home,2,0,2,0,1,0,1,0,1,0,1,0,0,0,0,0,4.5,1.51,6.9,,,2.38,,2.38,,1.63,,1.63,,0,1,0,1,1,0,1,0,-1.0,0.51,-1.0,,,-1.0,,-1.0,,0.63,,0.63,
positive_edge,2023-24,6697,2023-09-22T18:00:00+00:00,Eredivisie,Netherlands,Go Ahead Eagles,Fortuna Sittard,home,Go Ahead Eagles,away,Fortuna Sittard,0.004775,0.26735,0.262576,home,3,0,3,0,1,0,0,1,1,0,1,0,0,0,0,0,3.71,2.24,3.22,,,1.89,1.53,1.89,1.53,1.98,2.58,1.98,2.58,0,1,0,1,1,0,1,0,-1.0,1.24,-1.0,,,-1.0,0.53,-1.0,0.53,0.98,-1.0,0.98,-1.0
positive_edge,2023-24,6698,2023-09-23T14:30:00+00:00,Eredivisie,Netherlands,FC Volendam,Heracles Almelo,away,Heracles Almelo,home,FC Volendam,0.007654,0.263651,0.255997,draw,2,2,4,1,0,0,0,1,0,1,0,0,0,0,0,1,3.8,2.3,3.03,,,1.66,1.9,1.9,1.66,2.31,1.97,1.97,2.31,0,0,0,0,1,1,1,1,2.8,-1.0,-1.0,,,-1.0,-1.0,-1.0,-1.0,1.31,0.97,0.97,1.31
positive_edge,2023-24,6700,2023-09-23T18:00:00+00:00,Eredivisie,Netherlands,Almere City,PSV,away,PSV,home,Almere City,0.127052,0.251015,0.123963,away,0,4,4,0,1,0,0,1,0,0,1,0,0,0,0,0,7.79,1.19,14.96,,,,,,,,,,,1,0,0,1,0,1,1,0,-1.0,0.19,-1.0,,,,,,,,,,
positive_edge,2023-24,6701,2023-09-23T19:00:00+00:00,Eredivisie,Netherlands,SC Heerenveen,Excelsior,home,SC Heerenveen,away,Excelsior,0.037476,0.254441,0.216965,away,0,3,3,0,0,1,0,1,1,0,1,0,0,0,0,0,4.41,1.65,4.71,,,2.5,1.43,2.5,1.43,1.57,3.0,1.57,3.0,1,0,1,0,0,1,0,1,-1.0,-1.0,3.71,,,1.5,-1.0,1.5,-1.0,-1.0,2.0,-1.0,2.0
positive_edge,2023-24,6702,2023-09-24T10:15:00+00:00,Eredivisie,Netherlands,Sparta Rotterdam,Vitesse,home,Sparta Rotterdam,away,Vitesse,0.010504,0.276922,0.266418,home,1,0,1,0,1,0,1,0,1,0,1,0,0,1,0,0,3.65,2.13,3.51,,,1.85,1.47,1.85,1.47,2.02,2.83,2.02,2.83,1,1,1,1,0,0,0,0,-1.0,1.13,-1.0,,,0.85,0.47,0.85,0.47,-1.0,-1.0,-1.0,-1.0
positive_edge,2023-24,6703,2023-09-24T14:45:00+00:00,Eredivisie,Netherlands,RKC Waalwijk,FC Twente,away,FC Twente,home,RKC Waalwijk,0.053246,0.258467,0.205221,home,1,0,1,0,0,1,1,0,1,0,1,0,0,1,0,0,4.71,1.51,6.25,,,1.43,,,1.43,3.03,,,3.03,1,1,1,1,0,0,0,0,-1.0,-1.0,5.25,,,0.43,,,0.43,-1.0,,,-1.0
positive_edge,2023-24,6704,2023-09-24T14:45:00+00:00,Eredivisie,Netherlands,PEC Zwolle,AZ,away,AZ,home,PEC Zwolle,0.037929,0.279053,0.241124,away,0,3,3,0,1,0,0,1,1,0,1,0,0,0,0,0,4.03,1.77,4.63,,,1.42,2.22,2.22,1.42,2.95,1.71,1.71,2.95,1,0,0,1,0,1,1,0,-1.0,0.77,-1.0,,,0.42,-1.0,-1.0,0.42,-1.0,0.71,0.71,-1.0
positive_edge,2023-24,6705,2023-09-27T16:45:00+00:00,Eredivisie,Netherlands,PSV,Go Ahead Eagles,home,PSV,away,Go Ahead Eagles,0.146428,0.240045,0.093617,home,3,0,3,0,1,0,0,1,1,0,1,0,0,0,0,0,10.31,1.14,16.16,,,,,,,,,,,0,1,0,1,1,0,1,0,-1.0,0.14,-1.0,,,,,,,,,,
positive_edge,2023-24,6706,2023-09-27T18:00:00+00:00,Eredivisie,Netherlands,FC Twente,Vitesse,home,FC Twente,away,Vitesse,0.087358,0.268481,0.181124,home,1,0,1,0,1,0,1,0,1,0,1,0,0,1,0,0,5.35,1.36,9.11,,,2.62,,2.62,,1.51,,1.51,,1,1,1,1,0,0,0,0,-1.0,0.36,-1.0,,,1.62,,1.62,,-1.0,,-1.0,
positive_edge,2023-24,6707,2023-09-28T18:00:00+00:00,Eredivisie,Netherlands,AZ,Heracles Almelo,home,AZ,away,Heracles Almelo,0.10648,0.240362,0.133881,draw,1,1,2,1,0,0,1,0,1,1,0,0,1,0,0,0,7.21,1.21,14.12,,,,,,,,,,,1,1,1,1,0,0,0,0,6.21,-1.0,-1.0,,,,,,,,,,
positive_edge,2023-24,6708,2023-09-30T14:30:00+00:00,Eredivisie,Netherlands,Feyenoord,Go Ahead Eagles,home,Feyenoord,away,Go Ahead Eagles,0.105079,0.21202,0.106941,home,3,1,4,0,1,0,0,1,0,1,0,0,0,0,0,0,9.03,1.16,15.94,,,,,,,,,,,0,1,0,1,1,0,1,0,-1.0,0.16,-1.0,,,,,,,,,,
positive_edge,2023-24,6709,2023-09-30T16:45:00+00:00,Eredivisie,Netherlands,PSV,FC Volendam,home,PSV,away,FC Volendam,0.162069,0.20172,0.039651,home,3,1,4,0,1,0,0,1,0,1,0,0,0,0,0,0,25.02,1.06,40.6,,,,,,,,,,,0,1,0,1,1,0,1,0,-1.0,0.06,-1.0,,,,,,,,,,
positive_edge,2023-24,6710,2023-09-30T16:45:00+00:00,Eredivisie,Netherlands,FC Utrecht,Almere City,home,FC Utrecht,away,Almere City,0.059884,0.27594,0.216056,away,0,2,2,0,0,1,1,0,1,0,1,0,0,0,0,0,4.53,1.58,5.95,,,2.57,,2.57,,1.57,,1.57,,1,0,1,0,0,1,0,1,-1.0,-1.0,4.95,,,1.57,,1.57,,-1.0,,-1.0,
positive_edge,2023-24,6711,2023-09-30T19:00:00+00:00,Eredivisie,Netherlands,FC Twente,SC Heerenveen,home,FC Twente,away,SC Heerenveen,0.075445,0.246681,0.171236,home,1,0,1,0,1,0,1,0,1,0,1,0,0,1,0,0,5.65,1.35,8.63,,,,,,,,,,,1,1,1,1,0,0,0,0,-1.0,0.35,-1.0,,,,,,,,,,
positive_edge,2023-24,6712,2023-10-01T10:15:00+00:00,Eredivisie,Netherlands,NEC,Vitesse,home,NEC,away,Vitesse,0.013033,0.274937,0.261905,away,1,3,4,0,0,1,0,1,0,1,0,0,0,0,0,0,3.72,2.2,3.3,,,1.85,1.49,1.85,1.49,2.03,2.65,2.03,2.65,1,0,1,0,0,1,0,1,-1.0,-1.0,2.3,,,0.85,-1.0,0.85,-1.0,-1.0,1.65,-1.0,1.65
positive_edge,2023-24,6713,2023-10-01T12:30:00+00:00,Eredivisie,Netherlands,Heracles Almelo,PEC Zwolle,home,Heracles Almelo,away,PEC Zwolle,0.008875,0.270927,0.262052,home,2,1,3,0,1,0,0,1,1,1,0,0,0,0,0,0,3.71,2.45,2.85,,,1.87,1.7,1.87,1.7,2.01,2.24,2.01,2.24,0,1,0,1,1,0,1,0,-1.0,1.45,-1.0,,,-1.0,0.7,-1.0,0.7,1.01,-1.0,1.01,-1.0
positive_edge,2023-24,6714,2023-10-01T12:30:00+00:00,Eredivisie,Netherlands,Excelsior,Sparta Rotterdam,away,Sparta Rotterdam,home,Excelsior,0.006275,0.280507,0.274232,home,2,1,3,0,0,1,0,1,1,1,0,0,0,0,0,0,3.55,2.26,3.3,,,1.49,1.77,1.77,1.49,2.76,2.13,2.13,2.76,0,1,1,0,1,0,0,1,-1.0,-1.0,2.3,,,-1.0,0.77,0.77,-1.0,1.76,-1.0,-1.0,1.76
positive_edge,2023-24,6715,2023-10-01T14:45:00+00:00,Eredivisie,Netherlands,AZ,Fortuna Sittard,home,AZ,away,Fortuna Sittard,0.081384,0.261097,0.179712,home,4,0,4,0,1,0,0,1,0,0,1,0,0,0,0,0,5.4,1.37,8.67,,,,,,,,,,,0,1,0,1,1,0,1,0,-1.0,0.37,-1.0,,,,,,,,,,
positive_edge,2023-24,6716,2023-10-06T18:00:00+00:00,Eredivisie,Netherlands,FC Volendam,FC Utrecht,away,FC Utrecht,home,FC Volendam,0.039917,0.270908,0.230991,home,1,0,1,0,0,1,1,0,1,0,1,0,0,1,0,0,4.25,1.86,4.07,,,1.56,2.33,2.33,1.56,2.66,1.66,1.66,2.66,1,1,1,1,0,0,0,0,-1.0,-1.0,3.07,,,0.56,1.33,1.33,0.56,-1.0,-1.0,-1.0,-1.0
positive_edge,2023-24,6718,2023-10-07T16:45:00+00:00,Eredivisie,Netherlands,Almere City,RKC Waalwijk,home,Almere City,away,RKC Waalwijk,0.030809,0.288073,0.257264,home,1,0,1,0,1,0,1,0,1,0,1,0,0,1,0,0,3.81,2.35,3.01,,,1.84,1.66,1.84,1.66,2.02,2.33,2.02,2.33,1,1,1,1,0,0,0,0,-1.0,1.35,-1.0,,,0.84,0.66,0.84,0.66,-1.0,-1.0,-1.0,-1.0
positive_edge,2023-24,6719,2023-10-07T18:00:00+00:00,Eredivisie,Netherlands,Go Ahead Eagles,Heracles Almelo,home,Go Ahead Eagles,away,Heracles Almelo,0.023844,0.260207,0.236363,home,4,0,4,0,1,0,0,1,0,0,1,0,0,0,0,0,4.1,1.83,4.14,,,2.25,1.46,2.25,1.46,1.7,2.85,1.7,2.85,0,1,0,1,1,0,1,0,-1.0,0.83,-1.0,,,-1.0,0.46,-1.0,0.46,0.7,-1.0,0.7,-1.0
positive_edge,2023-24,6720,2023-10-07T19:00:00+00:00,Eredivisie,Netherlands,Vitesse,Excelsior,home,Vitesse,away,Excelsior,0.054217,0.283857,0.22964,draw,0,0,0,1,0,0,1,0,1,0,1,1,0,0,0,0,4.22,1.76,4.41,,,2.2,,2.2,,1.72,,1.72,,1,1,1,1,0,0,0,0,3.22,-1.0,-1.0,,,1.2,,1.2,,-1.0,,-1.0,
positive_edge,2023-24,6721,2023-10-08T10:15:00+00:00,Eredivisie,Netherlands,PEC Zwolle,Feyenoord,away,Feyenoord,home,PEC Zwolle,0.069879,0.224707,0.154828,away,0,2,2,0,1,0,1,0,1,0,1,0,0,0,0,0,6.38,1.31,10.84,,,,,,,,,,,1,0,0,1,0,1,1,0,-1.0,0.31,-1.0,,,,,,,,,,
positive_edge,2023-24,6722,2023-10-08T12:30:00+00:00,Eredivisie,Netherlands,Fortuna Sittard,FC Twente,away,FC Twente,home,Fortuna Sittard,0.038689,0.281043,0.242354,away,0,3,3,0,1,0,0,1,1,0,1,0,0,0,0,0,4.01,1.76,4.73,,,1.43,2.11,2.11,1.43,3.0,1.76,1.76,3.0,1,0,0,1,0,1,1,0,-1.0,0.76,-1.0,,,0.43,-1.0,-1.0,0.43,-1.0,0.76,0.76,-1.0
positive_edge,2023-24,6723,2023-10-08T12:30:00+00:00,Eredivisie,Netherlands,Ajax,AZ,away,AZ,home,Ajax,0.005101,0.264204,0.259102,away,1,2,3,0,1,0,0,1,1,1,0,0,0,0,0,0,3.76,2.61,2.65,,,1.74,1.77,1.77,1.74,2.17,2.14,2.14,2.17,1,0,0,1,0,1,1,0,-1.0,1.61,-1.0,,,0.74,-1.0,-1.0,0.74,-1.0,1.14,1.14,-1.0
positive_edge,2023-24,6724,2023-10-08T14:45:00+00:00,Eredivisie,Netherlands,Sparta Rotterdam,PSV,away,PSV,home,Sparta Rotterdam,0.072118,0.247814,0.175696,away,0,4,4,0,1,0,0,1,0,0,1,0,0,0,0,0,5.66,1.42,8.02,,,,,,,,,,,1,0,0,1,0,1,1,0,-1.0,0.42,-1.0,,,,,,,,,,
positive_edge,2023-24,6725,2023-10-21T16:45:00+00:00,Eredivisie,Netherlands,PSV,Fortuna Sittard,home,PSV,away,Fortuna Sittard,0.062699,0.158943,0.096243,home,3,1,4,0,1,0,0,1,0,1,0,0,0,0,0,0,9.79,1.11,17.16,,,,,,,,,,,0,1,0,1,1,0,1,0,-1.0,0.11,-1.0,,,,,,,,,,
positive_edge,2023-24,6726,2023-10-21T16:45:00+00:00,Eredivisie,Netherlands,RKC Waalwijk,FC Volendam,home,RKC Waalwijk,away,FC Volendam,0.079259,0.299907,0.220647,home,2,1,3,0,1,0,0,1,1,1,0,0,0,0,0,0,4.4,1.73,4.45,,,2.44,1.44,2.44,1.44,1.53,2.95,1.53,2.95,0,1,0,1,1,0,1,0,-1.0,0.73,-1.0,,,-1.0,0.44,-1.0,0.44,0.53,-1.0,0.53,-1.0
positive_edge,2023-24,6727,2023-10-21T18:00:00+00:00,Eredivisie,Netherlands,NEC,Almere City,home,NEC,away,Almere City,0.026469,0.285504,0.259035,draw,1,1,2,1,0,0,1,0,1,1,0,0,1,0,0,0,3.75,1.91,4.18,,,2.04,1.42,2.04,1.42,1.84,3.01,1.84,3.01,1,1,1,1,0,0,0,0,2.75,-1.0,-1.0,,,1.04,0.42,1.04,0.42,-1.0,-1.0,-1.0,-1.0
positive_edge,2023-24,6728,2023-10-21T19:00:00+00:00,Eredivisie,Netherlands,Feyenoord,Vitesse,home,Feyenoord,away,Vitesse,0.145847,0.243961,0.098115,home,4,0,4,0,1,0,0,1,0,0,1,0,0,0,0,0,10.08,1.16,20.06,,,,,,,,,,,0,1,0,1,1,0,1,0,-1.0,0.16,-1.0,,,,,,,,,,
positive_edge,2023-24,6729,2023-10-21T19:00:00+00:00,Eredivisie,Netherlands,AZ,SC Heerenveen,home,AZ,away,SC Heerenveen,0.036818,0.22084,0.184022,home,3,0,3,0,1,0,0,1,1,0,1,0,0,0,0,0,5.24,1.37,8.6,,,,,,,,,,,0,1,0,1,1,0,1,0,-1.0,0.37,-1.0,,,,,,,,,,
positive_edge,2023-24,6730,2023-10-22T10:15:00+00:00,Eredivisie,Netherlands,FC Utrecht,Ajax,away,Ajax,home,FC Utrecht,0.045022,0.291049,0.246027,home,4,3,7,0,0,1,0,1,0,1,0,0,0,0,0,0,3.96,1.93,3.91,,,1.54,2.16,2.16,1.54,2.62,1.75,1.75,2.62,0,0,0,0,1,1,1,1,-1.0,-1.0,2.91,,,-1.0,-1.0,-1.0,-1.0,1.62,0.75,0.75,1.62
positive_edge,2023-24,6731,2023-10-22T12:30:00+00:00,Eredivisie,Netherlands,Heracles Almelo,FC Twente,away,FC Twente,home,Heracles Almelo,0.047619,0.257463,0.209844,draw,2,2,4,1,0,0,0,1,0,1,0,0,0,0,0,1,4.61,1.57,5.56,,,,2.42,2.42,,,1.64,1.64,,0,0,0,0,1,1,1,1,3.61,-1.0,-1.0,,,,-1.0,-1.0,,,0.64,0.64,
positive_edge,2023-24,6732,2023-10-22T12:30:00+00:00,Eredivisie,Netherlands,Excelsior,PEC Zwolle,home,Excelsior,away,PEC Zwolle,0.025081,0.283399,0.258318,away,2,4,6,0,0,1,0,1,0,1,0,0,0,0,0,0,3.78,2.34,3.01,,,1.89,1.61,1.89,1.61,1.98,2.48,1.98,2.48,0,0,0,0,1,1,1,1,-1.0,-1.0,2.01,,,-1.0,-1.0,-1.0,-1.0,0.98,1.48,0.98,1.48
positive_edge,2023-24,6734,2023-10-27T18:00:00+00:00,Eredivisie,Netherlands,Vitesse,PEC Zwolle,home,Vitesse,away,PEC Zwolle,0.016763,0.277094,0.26033,draw,1,1,2,1,0,0,1,0,1,1,0,0,1,0,0,0,3.74,2.16,3.37,,,1.96,1.57,1.96,1.57,1.85,2.52,1.85,2.52,1,1,1,1,0,0,0,0,2.74,-1.0,-1.0,,,0.96,0.57,0.96,0.57,-1.0,-1.0,-1.0,-1.0
positive_edge,2023-24,6735,2023-10-28T16:45:00+00:00,Eredivisie,Netherlands,SC Heerenveen,Heracles Almelo,home,SC Heerenveen,away,Heracles Almelo,0.03599,0.268056,0.232066,home,3,0,3,0,1,0,0,1,1,0,1,0,0,0,0,0,4.19,1.74,4.65,,,2.21,1.42,2.21,1.42,1.72,3.03,1.72,3.03,0,1,0,1,1,0,1,0,-1.0,0.74,-1.0,,,-1.0,0.42,-1.0,0.42,0.72,-1.0,0.72,-1.0
positive_edge,2023-24,6736,2023-10-28T18:00:00+00:00,Eredivisie,Netherlands,Sparta Rotterdam,RKC Waalwijk,home,Sparta Rotterdam,away,RKC Waalwijk,0.059768,0.310956,0.251188,home,2,0,2,0,1,0,1,0,1,0,1,0,0,0,0,0,3.88,1.8,4.7,,,2.11,1.43,2.11,1.43,1.79,3.01,1.79,3.01,0,1,0,1,1,0,1,0,-1.0,0.8,-1.0,,,-1.0,0.43,-1.0,0.43,0.79,-1.0,0.79,-1.0
positive_edge,2023-24,6737,2023-10-28T18:00:00+00:00,Eredivisie,Netherlands,Almere City,Go Ahead Eagles,away,Go Ahead Eagles,home,Almere City,0.026802,0.297843,0.271042,draw,0,0,0,1,0,0,1,0,1,0,1,1,0,0,0,0,3.6,2.35,3.11,,,1.58,1.81,1.81,1.58,2.42,2.13,2.13,2.42,1,1,1,1,0,0,0,0,2.6,-1.0,-1.0,,,0.58,0.81,0.81,0.58,-1.0,-1.0,-1.0,-1.0
positive_edge,2023-24,6739,2023-10-29T11:15:00+00:00,Eredivisie,Netherlands,FC Twente,Feyenoord,away,Feyenoord,home,FC Twente,0.020908,0.269011,0.248103,home,2,1,3,0,0,1,0,1,1,1,0,0,0,0,0,0,3.87,1.97,3.63,,,1.52,2.09,2.09,1.52,2.58,1.8,1.8,2.58,0,1,1,0,1,0,0,1,-1.0,-1.0,2.63,,,-1.0,1.09,1.09,-1.0,1.58,-1.0,-1.0,1.58
positive_edge,2023-24,6740,2023-10-29T13:30:00+00:00,Eredivisie,Netherlands,PSV,Ajax,home,PSV,away,Ajax,0.036262,0.191055,0.154794,home,5,2,7,0,1,0,0,1,0,1,0,0,0,0,0,0,6.2,1.29,9.48,,,,1.42,,1.42,,2.99,,2.99,0,0,0,0,1,1,1,1,-1.0,0.29,-1.0,,,,-1.0,,-1.0,,1.99,,1.99
positive_edge,2023-24,6741,2023-10-29T13:30:00+00:00,Eredivisie,Netherlands,FC Volendam,Excelsior,away,Excelsior,home,FC Volendam,0.02084,0.274004,0.253164,home,3,1,4,0,0,1,0,1,0,1,0,0,0,0,0,0,3.84,2.54,2.67,,,1.77,1.81,1.81,1.77,2.05,2.08,2.08,2.05,0,1,1,0,1,0,0,1,-1.0,-1.0,1.67,,,-1.0,0.81,0.81,-1.0,1.05,-1.0,-1.0,1.05
positive_edge,2023-24,6742,2023-11-02T19:00:00+00:00,Eredivisie,Netherlands,Ajax,FC Volendam,home,Ajax,away,FC Volendam,0.103709,0.237791,0.134082,home,2,0,2,0,1,0,1,0,1,0,1,0,0,0,0,0,7.63,1.31,12.04,,,,,,,,,,,0,1,0,1,1,0,1,0,-1.0,0.31,-1.0,,,,,,,,,,
positive_edge,2023-24,6743,2023-11-04T15:30:00+00:00,Eredivisie,Netherlands,Heracles Almelo,PSV,away,PSV,home,Heracles Almelo,0.066862,0.189301,0.122439,away,0,6,6,0,1,0,0,1,0,0,1,0,0,0,0,0,7.97,1.23,11.59,,,,,,,,,,,1,0,0,1,0,1,1,0,-1.0,0.23,-1.0,,,,,,,,,,
positive_edge,2023-24,6744,2023-11-04T17:45:00+00:00,Eredivisie,Netherlands,RKC Waalwijk,Feyenoord,away,Feyenoord,home,RKC Waalwijk,0.137045,0.247502,0.110457,away,1,2,3,0,1,0,0,1,1,1,0,0,0,0,0,0,8.77,1.18,14.12,,,,,,,,,,,1,0,0,1,0,1,1,0,-1.0,0.18,-1.0,,,,,,,,,,
positive_edge,2023-24,6745,2023-11-04T17:45:00+00:00,Eredivisie,Netherlands,Excelsior,AZ,away,AZ,home,Excelsior,0.050668,0.236021,0.185353,draw,1,1,2,1,0,0,1,0,1,1,0,0,1,0,0,0,5.31,1.41,8.44,,,1.43,2.62,2.62,1.43,2.9,1.52,1.52,2.9,1,1,1,1,0,0,0,0,4.31,-1.0,-1.0,,,0.43,1.62,1.62,0.43,-1.0,-1.0,-1.0,-1.0
positive_edge,2023-24,6746,2023-11-04T20:00:00+00:00,Eredivisie,Netherlands,Go Ahead Eagles,Vitesse,home,Go Ahead Eagles,away,Vitesse,0.04504,0.306122,0.261082,home,5,1,6,0,1,0,0,1,0,1,0,0,0,0,0,0,3.7,2.04,3.64,,,1.98,1.44,1.98,1.44,1.89,2.78,1.89,2.78,0,1,0,1,1,0,1,0,-1.0,1.04,-1.0,,,-1.0,0.44,-1.0,0.44,0.89,-1.0,0.89,-1.0
positive_edge,2023-24,6747,2023-11-05T11:15:00+00:00,Eredivisie,Netherlands,FC Utrecht,FC Twente,away,FC Twente,home,FC Utrecht,0.013447,0.275527,0.26208,draw,1,1,2,1,0,0,1,0,1,1,0,0,1,0,0,0,3.72,1.89,4.39,,,1.42,1.98,1.98,1.42,2.98,1.89,1.89,2.98,1,1,1,1,0,0,0,0,2.72,-1.0,-1.0,,,0.42,0.98,0.98,0.42,-1.0,-1.0,-1.0,-1.0
positive_edge,2023-24,6748,2023-11-05T13:30:00+00:00,Eredivisie,Netherlands,PEC Zwolle,Fortuna Sittard,home,PEC Zwolle,away,Fortuna Sittard,0.001483,0.273214,0.271731,home,2,0,2,0,1,0,1,0,1,0,1,0,0,0,0,0,3.53,2.21,3.26,,,1.83,1.52,1.83,1.52,2.03,2.76,2.03,2.76,0,1,0,1,1,0,1,0,-1.0,1.21,-1.0,,,-1.0,0.52,-1.0,0.52,1.03,-1.0,1.03,-1.0
positive_edge,2023-24,6749,2023-11-05T13:30:00+00:00,Eredivisie,Netherlands,NEC,FC Volendam,home,NEC,away,FC Volendam,0.073255,0.281274,0.20802,draw,3,3,6,1,0,0,0,1,0,1,0,0,0,0,0,0,4.65,1.57,5.5,,,2.54,,2.54,,1.55,,1.55,,0,0,0,0,1,1,1,1,3.65,-1.0,-1.0,,,-1.0,,-1.0,,0.55,,0.55,
positive_edge,2023-24,6750,2023-11-05T15:45:00+00:00,Eredivisie,Netherlands,Sparta Rotterdam,Almere City,home,Sparta Rotterdam,away,Almere City,0.094792,0.32657,0.231778,away,1,2,3,0,0,1,0,1,1,1,0,0,0,0,0,0,4.12,1.69,4.7,,,2.19,1.42,2.19,1.42,1.75,2.98,1.75,2.98,1,0,1,0,0,1,0,1,-1.0,-1.0,3.7,,,1.19,-1.0,1.19,-1.0,-1.0,1.98,-1.0,1.98
positive_edge,2023-24,6751,2023-11-05T15:45:00+00:00,Eredivisie,Netherlands,Ajax,SC Heerenveen,home,Ajax,away,SC Heerenveen,0.07953,0.250539,0.171009,home,4,1,5,0,1,0,0,1,0,1,0,0,0,0,0,0,5.7,1.41,7.08,,,,1.45,,1.45,,2.93,,2.93,0,1,0,1,1,0,1,0,-1.0,0.41,-1.0,,,,0.45,,0.45,,-1.0,,-1.0
positive_edge,2023-24,6752,2023-11-10T19:00:00+00:00,Eredivisie,Netherlands,Fortuna Sittard,Heracles Almelo,home,Fortuna Sittard,away,Heracles Almelo,0.049892,0.298655,0.248762,home,4,1,5,0,1,0,0,1,0,1,0,0,0,0,0,0,3.96,1.78,4.98,,,2.14,1.42,2.14,1.42,1.75,2.98,1.75,2.98,0,1,0,1,1,0,1,0,-1.0,0.78,-1.0,,,-1.0,0.42,-1.0,0.42,0.75,-1.0,0.75,-1.0
positive_edge,2023-24,6753,2023-11-11T17:45:00+00:00,Eredivisie,Netherlands,RKC Waalwijk,Go Ahead Eagles,away,Go Ahead Eagles,home,RKC Waalwijk,0.019102,0.270607,0.251505,away,0,1,1,0,1,0,1,0,1,0,1,0,0,0,1,0,3.86,2.2,3.16,,,1.57,1.88,1.88,1.57,2.46,1.98,1.98,2.46,1,1,1,1,0,0,0,0,-1.0,1.2,-1.0,,,0.57,0.88,0.88,0.57,-1.0,-1.0,-1.0,-1.0
positive_edge,2023-24,6754,2023-11-11T19:00:00+00:00,Eredivisie,Netherlands,FC Twente,NEC,home,FC Twente,away,NEC,0.090985,0.263019,0.172034,draw,3,3,6,1,0,0,0,1,0,1,0,0,0,0,0,0,5.46,1.29,9.41,,,,,,,,,,,0,0,0,0,1,1,1,1,4.46,-1.0,-1.0,,,,,,,,,,
positive_edge,2023-24,6756,2023-11-12T11:15:00+00:00,Eredivisie,Netherlands,PSV,PEC Zwolle,home,PSV,away,PEC Zwolle,0.135631,0.200051,0.06442,home,4,0,4,0,1,0,0,1,0,0,1,0,0,0,0,0,15.29,1.09,30.85,,,,,,,,,,,0,1,0,1,1,0,1,0,-1.0,0.09,-1.0,,,,,,,,,,
positive_edge,2023-24,6757,2023-11-12T13:30:00+00:00,Eredivisie,Netherlands,FC Volendam,Sparta Rotterdam,away,Sparta Rotterdam,home,FC Volendam,0.015183,0.26773,0.252548,away,1,4,5,0,1,0,0,1,0,1,0,0,0,0,0,0,3.83,2.27,3.01,,,1.58,1.88,1.88,1.58,2.43,1.97,1.97,2.43,1,0,0,1,0,1,1,0,-1.0,1.27,-1.0,,,0.58,-1.0,-1.0,0.58,-1.0,0.97,0.97,-1.0
positive_edge,2023-24,6758,2023-11-12T13:30:00+00:00,Eredivisie,Netherlands,Almere City,Ajax,away,Ajax,home,Almere City,0.073426,0.275311,0.201885,draw,2,2,4,1,0,0,0,1,0,1,0,0,0,0,0,1,4.84,1.57,5.56,,,,,,,,,,,0,0,0,0,1,1,1,1,3.84,-1.0,-1.0,,,,,,,,,,
positive_edge,2023-24,6759,2023-11-12T15:45:00+00:00,Eredivisie,Netherlands,Feyenoord,AZ,home,Feyenoord,away,AZ,0.060378,0.265834,0.205456,home,1,0,1,0,1,0,1,0,1,0,1,0,0,1,0,0,4.71,1.49,6.67,,,2.6,,2.6,,1.53,,1.53,,1,1,1,1,0,0,0,0,-1.0,0.49,-1.0,,,1.6,,1.6,,-1.0,,-1.0,
positive_edge,2023-24,6760,2023-11-12T19:00:00+00:00,Eredivisie,Netherlands,FC Utrecht,Excelsior,home,FC Utrecht,away,Excelsior,0.069682,0.282037,0.212354,draw,2,2,4,1,0,0,0,1,0,1,0,0,0,0,0,1,4.62,1.56,6.18,,,2.63,1.36,2.63,1.36,1.53,2.87,1.53,2.87,0,0,0,0,1,1,1,1,3.62,-1.0,-1.0,,,-1.0,-1.0,-1.0,-1.0,0.53,1.87,0.53,1.87
positive_edge,2023-24,6761,2023-11-25T15:30:00+00:00,Eredivisie,Netherlands,Excelsior,Feyenoord,away,Feyenoord,home,Excelsior,0.142439,0.260731,0.118292,away,2,4,6,0,1,0,0,1,0,1,0,0,0,0,0,0,8.16,1.19,13.68,,,,,,,,,,,0,0,0,0,1,1,1,1,-1.0,0.19,-1.0,,,,,,,,,,
positive_edge,2023-24,6764,2023-11-25T20:00:00+00:00,Eredivisie,Netherlands,PEC Zwolle,RKC Waalwijk,home,PEC Zwolle,away,RKC Waalwijk,0.028099,0.29096,0.262861,away,1,2,3,0,0,1,0,1,1,1,0,0,0,0,0,0,3.7,2.06,3.67,,,1.96,1.48,1.96,1.48,1.91,2.78,1.91,2.78,1,0,1,0,0,1,0,1,-1.0,-1.0,2.67,,,0.96,-1.0,0.96,-1.0,-1.0,1.78,-1.0,1.78
positive_edge,2023-24,6765,2023-11-25T20:00:00+00:00,Eredivisie,Netherlands,Ajax,Vitesse,home,Ajax,away,Vitesse,0.068806,0.219469,0.150663,home,5,0,5,0,1,0,0,1,0,0,1,0,0,0,0,0,6.44,1.32,8.49,,,,,,,,,,,0,1,0,1,1,0,1,0,-1.0,0.32,-1.0,,,,,,,,,,
positive_edge,2023-24,6768,2023-11-26T13:30:00+00:00,Eredivisie,Netherlands,AZ,FC Volendam,home,AZ,away,FC Volendam,0.138479,0.253513,0.115034,home,3,0,3,0,1,0,0,1,1,0,1,0,0,0,0,0,8.41,1.18,14.86,,,,,,,,,,,0,1,0,1,1,0,1,0,-1.0,0.18,-1.0,,,,,,,,,,
positive_edge,2023-24,6770,2023-12-01T19:00:00+00:00,Eredivisie,Netherlands,SC Heerenveen,Almere City,home,SC Heerenveen,away,Almere City,0.006761,0.235482,0.22872,home,3,0,3,0,1,0,0,1,1,0,1,0,0,0,0,0,4.24,1.59,6.01,,,2.38,,2.38,,1.63,,1.63,,0,1,0,1,1,0,1,0,-1.0,0.59,-1.0,,,-1.0,,-1.0,,0.63,,0.63,
positive_edge,2023-24,6771,2023-12-02T17:45:00+00:00,Eredivisie,Netherlands,FC Volendam,PEC Zwolle,away,PEC Zwolle,home,FC Volendam,0.007157,0.259927,0.252771,away,0,5,5,0,1,0,0,1,0,0,1,0,0,0,0,0,3.85,2.42,2.82,,,1.8,1.93,1.93,1.8,2.09,1.93,1.93,2.09,1,0,0,1,0,1,1,0,-1.0,1.42,-1.0,,,0.8,-1.0,-1.0,0.8,-1.0,0.93,0.93,-1.0
positive_edge,2023-24,6772,2023-12-02T19:00:00+00:00,Eredivisie,Netherlands,RKC Waalwijk,Excelsior,home,RKC Waalwijk,away,Excelsior,0.011739,0.268359,0.256619,draw,2,2,4,1,0,0,0,1,0,1,0,0,0,0,0,1,3.78,2.05,3.59,,,2.0,1.52,2.0,1.52,1.88,2.66,1.88,2.66,0,0,0,0,1,1,1,1,2.78,-1.0,-1.0,,,-1.0,-1.0,-1.0,-1.0,0.88,1.66,0.88,1.66
positive_edge,2023-24,6778,2023-12-03T15:45:00+00:00,Eredivisie,Netherlands,FC Utrecht,AZ,away,AZ,home,FC Utrecht,0.006891,0.274725,0.267834,draw,1,1,2,1,0,0,1,0,1,1,0,0,1,0,0,0,3.63,1.9,4.41,,,1.41,1.87,1.87,1.41,3.02,2.0,2.0,3.02,1,1,1,1,0,0,0,0,2.63,-1.0,-1.0,,,0.41,0.87,0.87,0.41,-1.0,-1.0,-1.0,-1.0
positive_edge,2023-24,6779,2023-12-06T18:00:00+00:00,Eredivisie,Netherlands,AZ,NEC,home,AZ,away,NEC,0.109407,0.26366,0.154253,away,1,2,3,0,0,1,0,1,1,1,0,0,0,0,0,0,6.3,1.28,11.23,,,,,,,,,,,1,0,1,0,0,1,0,1,-1.0,-1.0,10.23,,,,,,,,,,
positive_edge,2023-24,6781,2023-12-07T17:45:00+00:00,Eredivisie,Netherlands,PSV,SC Heerenveen,home,PSV,away,SC Heerenveen,0.123382,0.241225,0.117843,home,2,0,2,0,1,0,1,0,1,0,1,0,0,0,0,0,8.19,1.19,13.57,,,,,,,,,,,0,1,0,1,1,0,1,0,-1.0,0.19,-1.0,,,,,,,,,,
positive_edge,2023-24,6782,2023-12-07T20:00:00+00:00,Eredivisie,Netherlands,Feyenoord,FC Volendam,home,Feyenoord,away,FC Volendam,0.169581,0.214288,0.044706,home,3,1,4,0,1,0,0,1,0,1,0,0,0,0,0,0,21.68,1.04,41.53,,,,,,,,,,,0,1,0,1,1,0,1,0,-1.0,0.04,-1.0,,,,,,,,,,
positive_edge,2023-24,6783,2023-12-08T19:00:00+00:00,Eredivisie,Netherlands,FC Twente,Excelsior,home,FC Twente,away,Excelsior,0.096935,0.236607,0.139672,home,4,2,6,0,1,0,0,1,0,1,0,0,0,0,0,0,6.91,1.25,10.94,,,,,,,,,,,0,0,0,0,1,1,1,1,-1.0,0.25,-1.0,,,,,,,,,,
positive_edge,2023-24,6784,2023-12-09T17:45:00+00:00,Eredivisie,Netherlands,Ajax,Sparta Rotterdam,home,Ajax,away,Sparta Rotterdam,0.076057,0.242769,0.166712,home,2,1,3,0,1,0,0,1,1,1,0,0,0,0,0,0,5.81,1.37,7.67,,,,,,,,,,,0,1,0,1,1,0,1,0,-1.0,0.37,-1.0,,,,,,,,,,
positive_edge,2023-24,6786,2023-12-09T20:00:00+00:00,Eredivisie,Netherlands,AZ,Almere City,home,AZ,away,Almere City,0.113899,0.257988,0.144089,home,4,1,5,0,1,0,0,1,0,1,0,0,0,0,0,0,6.69,1.23,13.35,,,,,,,,,,,0,1,0,1,1,0,1,0,-1.0,0.23,-1.0,,,,,,,,,,
positive_edge,2023-24,6787,2023-12-10T11:15:00+00:00,Eredivisie,Netherlands,Go Ahead Eagles,FC Utrecht,home,Go Ahead Eagles,away,FC Utrecht,0.002566,0.276518,0.273952,away,0,2,2,0,0,1,1,0,1,0,1,0,0,0,0,0,3.55,2.42,3.0,,,1.76,1.6,1.76,1.6,2.15,2.45,2.15,2.45,1,0,1,0,0,1,0,1,-1.0,-1.0,2.0,,,0.76,-1.0,0.76,-1.0,-1.0,1.45,-1.0,1.45
positive_edge,2023-24,6790,2023-12-15T19:00:00+00:00,Eredivisie,Netherlands,NEC,Fortuna Sittard,home,NEC,away,Fortuna Sittard,0.000361,0.259647,0.259286,home,4,1,5,0,1,0,0,1,0,1,0,0,0,0,0,0,3.74,1.93,4.07,,,1.9,1.43,1.9,1.43,1.97,3.0,1.97,3.0,0,1,0,1,1,0,1,0,-1.0,0.93,-1.0,,,-1.0,0.43,-1.0,0.43,0.97,-1.0,0.97,-1.0
positive_edge,2023-24,6791,2023-12-16T15:30:00+00:00,Eredivisie,Netherlands,FC Utrecht,RKC Waalwijk,home,FC Utrecht,away,RKC Waalwijk,0.025938,0.269019,0.243081,draw,1,1,2,1,0,0,1,0,1,1,0,0,1,0,0,0,4.01,1.79,4.59,,,2.28,,2.28,,1.66,,1.66,,1,1,1,1,0,0,0,0,3.01,-1.0,-1.0,,,1.28,,1.28,,-1.0,,-1.0,
positive_edge,2023-24,6793,2023-12-16T20:00:00+00:00,Eredivisie,Netherlands,SC Heerenveen,FC Volendam,home,SC Heerenveen,away,FC Volendam,0.087169,0.227007,0.139838,away,1,2,3,0,0,1,0,1,1,1,0,0,0,0,0,0,6.91,1.26,10.36,,,,,,,,,,,1,0,1,0,0,1,0,1,-1.0,-1.0,9.36,,,,,,,,,,
positive_edge,2023-24,6795,2023-12-17T13:30:00+00:00,Eredivisie,Netherlands,Heracles Almelo,Feyenoord,away,Feyenoord,home,Heracles Almelo,0.12535,0.242767,0.117417,away,0,4,4,0,1,0,0,1,0,0,1,0,0,0,0,0,8.2,1.18,14.45,,,,,,,,,,,1,0,0,1,0,1,1,0,-1.0,0.18,-1.0,,,,,,,,,,
positive_edge,2023-24,6797,2023-12-17T15:45:00+00:00,Eredivisie,Netherlands,Ajax,PEC Zwolle,home,Ajax,away,PEC Zwolle,0.103245,0.228067,0.124822,draw,2,2,4,1,0,0,0,1,0,1,0,0,0,0,0,1,7.72,1.21,12.23,,,,,,,,,,,0,0,0,0,1,1,1,1,6.72,-1.0,-1.0,,,,,,,,,,
positive_edge,2023-24,6798,2023-12-17T19:00:00+00:00,Eredivisie,Netherlands,AZ,PSV,away,PSV,home,AZ,0.02082,0.252863,0.232043,away,0,4,4,0,1,0,0,1,0,0,1,0,0,0,0,0,4.18,1.79,4.29,,,1.43,2.27,2.27,1.43,3.01,1.68,1.68,3.01,1,0,0,1,0,1,1,0,-1.0,0.79,-1.0,,,0.43,-1.0,-1.0,0.43,-1.0,0.68,0.68,-1.0
positive_edge,2023-24,6799,2024-01-12T19:00:00+00:00,Eredivisie,Netherlands,RKC Waalwijk,Heracles Almelo,home,RKC Waalwijk,away,Heracles Almelo,0.004066,0.272417,0.268352,away,1,2,3,0,0,1,0,1,1,1,0,0,0,0,0,0,3.62,2.0,3.95,,,1.93,1.43,1.93,1.43,1.94,3.0,1.94,3.0,1,0,1,0,0,1,0,1,-1.0,-1.0,2.95,,,0.93,-1.0,0.93,-1.0,-1.0,2.0,-1.0,2.0
positive_edge,2023-24,6803,2024-01-13T20:00:00+00:00,Eredivisie,Netherlands,PSV,Excelsior,home,PSV,away,Excelsior,0.134195,0.186866,0.052672,home,3,1,4,0,1,0,0,1,0,1,0,0,0,0,0,0,18.45,1.05,44.55,,,,,,,,,,,0,1,0,1,1,0,1,0,-1.0,0.05,-1.0,,,,,,,,,,
positive_edge,2023-24,6805,2024-01-14T13:30:00+00:00,Eredivisie,Netherlands,Go Ahead Eagles,Ajax,away,Ajax,home,Go Ahead Eagles,0.037289,0.261434,0.224145,away,2,3,5,0,1,0,0,1,0,1,0,0,0,0,0,0,4.33,1.81,4.05,,,1.56,2.53,2.53,1.56,2.54,1.57,1.57,2.54,0,0,0,0,1,1,1,1,-1.0,0.81,-1.0,,,-1.0,-1.0,-1.0,-1.0,1.54,0.57,0.57,1.54
positive_edge,2023-24,6807,2024-01-14T15:45:00+00:00,Eredivisie,Netherlands,Feyenoord,NEC,home,Feyenoord,away,NEC,0.137474,0.237479,0.100006,draw,2,2,4,1,0,0,0,1,0,1,0,0,0,0,0,1,9.78,1.17,15.27,,,,,,,,,,,0,0,0,0,1,1,1,1,8.78,-1.0,-1.0,,,,,,,,,,
positive_edge,2023-24,6810,2024-01-20T17:45:00+00:00,Eredivisie,Netherlands,Heracles Almelo,FC Volendam,home,Heracles Almelo,away,FC Volendam,0.034251,0.272514,0.238263,draw,1,1,2,1,0,0,1,0,1,1,0,0,1,0,0,0,4.07,1.69,5.16,,,2.19,1.41,2.19,1.41,1.73,3.05,1.73,3.05,1,1,1,1,0,0,0,0,3.07,-1.0,-1.0,,,1.19,0.41,1.19,0.41,-1.0,-1.0,-1.0,-1.0
positive_edge,2023-24,6811,2024-01-20T19:00:00+00:00,Eredivisie,Netherlands,AZ,PEC Zwolle,home,AZ,away,PEC Zwolle,0.085182,0.248448,0.163267,draw,2,2,4,1,0,0,0,1,0,1,0,0,0,0,0,1,5.93,1.33,8.9,,,,,,,,,,,0,0,0,0,1,1,1,1,4.93,-1.0,-1.0,,,,,,,,,,
positive_edge,2023-24,6812,2024-01-21T11:15:00+00:00,Eredivisie,Netherlands,FC Utrecht,PSV,away,PSV,home,FC Utrecht,0.099466,0.270751,0.171285,draw,1,1,2,1,0,0,1,0,1,1,0,0,1,0,0,0,5.64,1.36,8.16,,,,,,,,,,,1,1,1,1,0,0,0,0,4.64,-1.0,-1.0,,,,,,,,,,
positive_edge,2023-24,6814,2024-01-21T13:30:00+00:00,Eredivisie,Netherlands,Vitesse,Feyenoord,away,Feyenoord,home,Vitesse,0.121571,0.230274,0.108703,away,1,2,3,0,1,0,0,1,1,1,0,0,0,0,0,0,8.86,1.16,15.78,,,,,,,,,,,1,0,0,1,0,1,1,0,-1.0,0.16,-1.0,,,,,,,,,,
positive_edge,2023-24,6815,2024-01-21T15:45:00+00:00,Eredivisie,Netherlands,Ajax,RKC Waalwijk,home,Ajax,away,RKC Waalwijk,0.090426,0.23655,0.146125,home,4,1,5,0,1,0,0,1,0,1,0,0,0,0,0,0,6.6,1.3,8.61,,,,,,,,,,,0,1,0,1,1,0,1,0,-1.0,0.3,-1.0,,,,,,,,,,
positive_edge,2023-24,6819,2024-01-27T17:45:00+00:00,Eredivisie,Netherlands,PSV,Almere City,home,PSV,away,Almere City,0.174279,0.257971,0.083692,home,2,0,2,0,1,0,1,0,1,0,1,0,0,0,0,0,11.56,1.1,26.3,,,,,,,,,,,0,1,0,1,1,0,1,0,-1.0,0.1,-1.0,,,,,,,,,,
positive_edge,2023-24,6820,2024-01-27T20:00:00+00:00,Eredivisie,Netherlands,Heracles Almelo,Ajax,away,Ajax,home,Heracles Almelo,0.011542,0.230067,0.218525,away,2,4,6,0,1,0,0,1,0,1,0,0,0,0,0,0,4.44,1.63,5.21,,,1.45,,,1.45,2.92,,,2.92,0,0,0,0,1,1,1,1,-1.0,0.63,-1.0,,,-1.0,,,-1.0,1.92,,,1.92
positive_edge,2023-24,6821,2024-01-27T20:00:00+00:00,Eredivisie,Netherlands,Excelsior,FC Utrecht,away,FC Utrecht,home,Excelsior,0.014129,0.279558,0.265429,draw,1,1,2,1,0,0,1,0,1,1,0,0,1,0,0,0,3.67,2.17,3.41,,,1.51,1.88,1.88,1.51,2.69,1.99,1.99,2.69,1,1,1,1,0,0,0,0,2.67,-1.0,-1.0,,,0.51,0.88,0.88,0.51,-1.0,-1.0,-1.0,-1.0
positive_edge,2023-24,6823,2024-01-28T13:30:00+00:00,Eredivisie,Netherlands,Feyenoord,FC Twente,home,Feyenoord,away,FC Twente,0.03306,0.247153,0.214093,draw,0,0,0,1,0,0,1,0,1,0,1,1,0,0,0,0,4.53,1.5,6.96,,,2.38,,2.38,,1.63,,1.63,,1,1,1,1,0,0,0,0,3.53,-1.0,-1.0,,,1.38,,1.38,,-1.0,,-1.0,
positive_edge,2023-24,6824,2024-01-28T13:30:00+00:00,Eredivisie,Netherlands,Go Ahead Eagles,NEC,home,Go Ahead Eagles,away,NEC,0.003269,0.267084,0.263815,draw,2,2,4,1,0,0,0,1,0,1,0,0,0,0,0,1,3.68,2.21,3.27,,,1.92,1.56,1.92,1.56,1.99,2.56,1.99,2.56,0,0,0,0,1,1,1,1,2.68,-1.0,-1.0,,,-1.0,-1.0,-1.0,-1.0,0.99,1.56,0.99,1.56
positive_edge,2023-24,6825,2024-01-28T15:45:00+00:00,Eredivisie,Netherlands,FC Volendam,Fortuna Sittard,away,Fortuna Sittard,home,FC Volendam,0.021806,0.300611,0.278805,away,0,1,1,0,1,0,1,0,1,0,1,0,0,0,1,0,3.49,2.08,3.84,,,1.42,1.72,1.72,1.42,3.04,2.21,2.21,3.04,1,1,1,1,0,0,0,0,-1.0,1.08,-1.0,,,0.42,0.72,0.72,0.42,-1.0,-1.0,-1.0,-1.0
positive_edge,2023-24,6827,2024-02-03T15:30:00+00:00,Eredivisie,Netherlands,FC Twente,RKC Waalwijk,home,FC Twente,away,RKC Waalwijk,0.135072,0.284064,0.148992,home,3,0,3,0,1,0,0,1,1,0,1,0,0,0,0,0,6.45,1.25,11.69,,,,,,,,,,,0,1,0,1,1,0,1,0,-1.0,0.25,-1.0,,,,,,,,,,
positive_edge,2023-24,6829,2024-02-03T19:00:00+00:00,Eredivisie,Netherlands,Ajax,PSV,away,PSV,home,Ajax,0.029022,0.251029,0.222007,draw,1,1,2,1,0,0,1,0,1,1,0,0,1,0,0,0,4.37,1.99,3.34,,,1.72,2.42,2.42,1.72,2.2,1.61,1.61,2.2,1,1,1,1,0,0,0,0,3.37,-1.0,-1.0,,,0.72,1.42,1.42,0.72,-1.0,-1.0,-1.0,-1.0
positive_edge,2023-24,6830,2024-02-03T20:00:00+00:00,Eredivisie,Netherlands,NEC,Heracles Almelo,home,NEC,away,Heracles Almelo,0.018486,0.239578,0.221092,home,3,1,4,0,1,0,0,1,0,1,0,0,0,0,0,0,4.39,1.57,6.04,,,2.58,1.41,2.58,1.41,1.55,3.03,1.55,3.03,0,1,0,1,1,0,1,0,-1.0,0.57,-1.0,,,-1.0,0.41,-1.0,0.41,0.55,-1.0,0.55,-1.0
positive_edge,2023-24,6832,2024-02-04T13:30:00+00:00,Eredivisie,Netherlands,FC Utrecht,FC Volendam,home,FC Utrecht,away,FC Volendam,0.147083,0.306103,0.15902,home,4,2,6,0,1,0,0,1,0,1,0,0,0,0,0,0,6.04,1.27,11.34,,,2.63,,2.63,,1.52,,1.52,,0,0,0,0,1,1,1,1,-1.0,0.27,-1.0,,,-1.0,,-1.0,,0.52,,0.52,
positive_edge,2023-24,6833,2024-02-04T13:30:00+00:00,Eredivisie,Netherlands,AZ,Feyenoord,away,Feyenoord,home,AZ,0.039392,0.26337,0.223979,away,0,1,1,0,1,0,1,0,1,0,1,0,0,0,1,0,4.33,1.59,5.84,,,1.41,2.37,2.37,1.41,3.02,1.63,1.63,3.02,1,1,1,1,0,0,0,0,-1.0,0.59,-1.0,,,0.41,1.37,1.37,0.41,-1.0,-1.0,-1.0,-1.0
positive_edge,2023-24,6834,2024-02-04T15:45:00+00:00,Eredivisie,Netherlands,Sparta Rotterdam,PEC Zwolle,home,Sparta Rotterdam,away,PEC Zwolle,0.018668,0.279495,0.260827,away,0,2,2,0,0,1,1,0,1,0,1,0,0,0,0,0,3.72,1.84,4.58,,,2.07,1.41,2.07,1.41,1.82,3.04,1.82,3.04,1,0,1,0,0,1,0,1,-1.0,-1.0,3.58,,,1.07,-1.0,1.07,-1.0,-1.0,2.04,-1.0,2.04
positive_edge,2023-24,6836,2024-02-10T17:45:00+00:00,Eredivisie,Netherlands,Excelsior,FC Twente,away,FC Twente,home,Excelsior,0.040768,0.276178,0.23541,away,0,3,3,0,1,0,0,1,1,0,1,0,0,0,0,0,4.12,1.64,5.6,,,,2.37,2.37,,,1.64,1.64,,1,0,0,1,0,1,1,0,-1.0,0.64,-1.0,,,,-1.0,-1.0,,,0.64,0.64,
positive_edge,2023-24,6837,2024-02-10T19:00:00+00:00,Eredivisie,Netherlands,Almere City,AZ,away,AZ,home,Almere City,0.022227,0.279039,0.256812,draw,0,0,0,1,0,0,1,0,1,0,1,1,0,0,0,0,3.77,1.71,5.47,,,,1.88,1.88,,,1.99,1.99,,1,1,1,1,0,0,0,0,2.77,-1.0,-1.0,,,,0.88,0.88,,,-1.0,-1.0,
positive_edge,2023-24,6838,2024-02-10T20:00:00+00:00,Eredivisie,Netherlands,Heracles Almelo,Vitesse,home,Heracles Almelo,away,Vitesse,0.010053,0.280493,0.27044,home,3,2,5,0,1,0,0,1,0,1,0,0,0,0,0,0,3.6,2.31,3.16,,,1.75,1.52,1.75,1.52,2.16,2.67,2.16,2.67,0,0,0,0,1,1,1,1,-1.0,1.31,-1.0,,,-1.0,-1.0,-1.0,-1.0,1.16,1.67,1.16,1.67
positive_edge,2023-24,6839,2024-02-11T11:15:00+00:00,Eredivisie,Netherlands,Go Ahead Eagles,PEC Zwolle,home,Go Ahead Eagles,away,PEC Zwolle,0.043805,0.275218,0.231413,draw,1,1,2,1,0,0,1,0,1,1,0,0,1,0,0,0,4.19,1.75,4.52,,,2.35,1.44,2.35,1.44,1.64,2.97,1.64,2.97,1,1,1,1,0,0,0,0,3.19,-1.0,-1.0,,,1.35,0.44,1.35,0.44,-1.0,-1.0,-1.0,-1.0
positive_edge,2023-24,6840,2024-02-11T13:30:00+00:00,Eredivisie,Netherlands,FC Utrecht,Fortuna Sittard,home,FC Utrecht,away,Fortuna Sittard,0.017082,0.262016,0.244934,home,4,0,4,0,1,0,0,1,0,0,1,0,0,0,0,0,3.96,1.66,5.68,,,2.09,,2.09,,1.81,,1.81,,0,1,0,1,1,0,1,0,-1.0,0.66,-1.0,,,-1.0,,-1.0,,0.81,,0.81,
positive_edge,2023-24,6841,2024-02-11T13:30:00+00:00,Eredivisie,Netherlands,SC Heerenveen,Ajax,away,Ajax,home,SC Heerenveen,0.00129,0.227854,0.226564,home,3,2,5,0,0,1,0,1,0,1,0,0,0,0,0,0,4.29,1.98,3.44,,,1.68,2.33,2.33,1.68,2.27,1.65,1.65,2.27,0,0,0,0,1,1,1,1,-1.0,-1.0,2.44,,,-1.0,-1.0,-1.0,-1.0,1.27,0.65,0.65,1.27
positive_edge,2023-24,6842,2024-02-11T15:45:00+00:00,Eredivisie,Netherlands,FC Volendam,PSV,away,PSV,home,FC Volendam,0.177639,0.257874,0.080235,away,1,5,6,0,1,0,0,1,0,1,0,0,0,0,0,0,12.11,1.11,21.88,,,,,,,,,,,1,0,0,1,0,1,1,0,-1.0,0.11,-1.0,,,,,,,,,,
positive_edge,2023-24,6843,2024-02-11T19:00:00+00:00,Eredivisie,Netherlands,Feyenoord,Sparta Rotterdam,home,Feyenoord,away,Sparta Rotterdam,0.152318,0.284251,0.131933,home,2,0,2,0,1,0,1,0,1,0,1,0,0,0,0,0,7.31,1.21,13.58,,,,,,,,,,,0,1,0,1,1,0,1,0,-1.0,0.21,-1.0,,,,,,,,,,
positive_edge,2023-24,6844,2024-02-16T19:00:00+00:00,Eredivisie,Netherlands,PSV,Heracles Almelo,home,PSV,away,Heracles Almelo,0.15266,0.212478,0.059817,home,2,0,2,0,1,0,1,0,1,0,1,0,0,0,0,0,16.28,1.07,32.39,,,,,,,,,,,0,1,0,1,1,0,1,0,-1.0,0.07,-1.0,,,,,,,,,,
positive_edge,2023-24,6845,2024-02-17T17:45:00+00:00,Eredivisie,Netherlands,Sparta Rotterdam,Excelsior,home,Sparta Rotterdam,away,Excelsior,0.036505,0.297549,0.261044,home,4,2,6,0,1,0,0,1,0,1,0,0,0,0,0,0,3.72,1.95,4.03,,,1.92,,1.92,,1.93,,1.93,,0,0,0,0,1,1,1,1,-1.0,0.95,-1.0,,,-1.0,,-1.0,,0.93,,0.93,
positive_edge,2023-24,6846,2024-02-17T17:45:00+00:00,Eredivisie,Netherlands,Fortuna Sittard,AZ,away,AZ,home,Fortuna Sittard,0.016417,0.291667,0.27525,away,1,2,3,0,1,0,0,1,1,1,0,0,0,0,0,0,3.53,1.81,5.17,,,,1.76,1.76,,,2.13,2.13,,1,0,0,1,0,1,1,0,-1.0,0.81,-1.0,,,,-1.0,-1.0,,,1.13,1.13,
positive_edge,2023-24,6847,2024-02-17T20:00:00+00:00,Eredivisie,Netherlands,PEC Zwolle,Almere City,home,PEC Zwolle,away,Almere City,0.021398,0.299573,0.278175,away,0,1,1,0,0,1,1,0,1,0,1,0,0,0,1,0,3.48,2.25,3.32,,,1.71,1.45,1.71,1.45,2.19,2.88,2.19,2.88,1,1,1,1,0,0,0,0,-1.0,-1.0,2.32,,,0.71,0.45,0.71,0.45,-1.0,-1.0,-1.0,-1.0
positive_edge,2023-24,6849,2024-02-18T11:15:00+00:00,Eredivisie,Netherlands,FC Twente,FC Utrecht,home,FC Twente,away,FC Utrecht,0.04633,0.277502,0.231172,away,0,1,1,0,0,1,1,0,1,0,1,0,0,0,1,0,4.2,1.67,5.18,,,2.29,,2.29,,1.66,,1.66,,1,1,1,1,0,0,0,0,-1.0,-1.0,4.18,,,1.29,,1.29,,-1.0,,-1.0,
positive_edge,2023-24,6850,2024-02-18T13:30:00+00:00,Eredivisie,Netherlands,Ajax,NEC,home,Ajax,away,NEC,0.043099,0.242024,0.198925,draw,2,2,4,1,0,0,0,1,0,1,0,0,0,0,0,1,4.87,1.53,5.77,,,,,,,,,,,0,0,0,0,1,1,1,1,3.87,-1.0,-1.0,,,,,,,,,,
positive_edge,2023-24,6851,2024-02-18T13:30:00+00:00,Eredivisie,Netherlands,Vitesse,FC Volendam,home,Vitesse,away,FC Volendam,0.046559,0.26856,0.222001,draw,1,1,2,1,0,0,1,0,1,1,0,0,1,0,0,0,4.37,1.59,5.78,,,2.35,,2.35,,1.63,,1.63,,1,1,1,1,0,0,0,0,3.37,-1.0,-1.0,,,1.35,,1.35,,-1.0,,-1.0,
positive_edge,2023-24,6852,2024-02-18T15:45:00+00:00,Eredivisie,Netherlands,Feyenoord,RKC Waalwijk,home,Feyenoord,away,RKC Waalwijk,0.186354,0.276206,0.089852,home,1,0,1,0,1,0,1,0,1,0,1,0,0,1,0,0,10.78,1.12,21.37,,,,,,,,,,,1,1,1,1,0,0,0,0,-1.0,0.12,-1.0,,,,,,,,,,
positive_edge,2023-24,6853,2024-02-23T19:00:00+00:00,Eredivisie,Netherlands,FC Utrecht,Heracles Almelo,home,FC Utrecht,away,Heracles Almelo,0.052492,0.236018,0.183526,home,1,0,1,0,1,0,1,0,1,0,1,0,0,1,0,0,5.28,1.39,8.12,,,2.62,,2.62,,1.51,,1.51,,1,1,1,1,0,0,0,0,-1.0,0.39,-1.0,,,1.62,,1.62,,-1.0,,-1.0,
positive_edge,2023-24,6855,2024-02-24T19:00:00+00:00,Eredivisie,Netherlands,PEC Zwolle,PSV,away,PSV,home,PEC Zwolle,0.138049,0.272113,0.134064,away,1,7,8,0,1,0,0,1,0,1,0,0,0,0,0,0,7.21,1.23,12.07,,,,,,,,,,,1,0,0,1,0,1,1,0,-1.0,0.23,-1.0,,,,,,,,,,
positive_edge,2023-24,6857,2024-02-25T11:15:00+00:00,Eredivisie,Netherlands,Excelsior,Vitesse,home,Excelsior,away,Vitesse,0.009269,0.267378,0.258109,away,1,2,3,0,0,1,0,1,1,1,0,0,0,0,0,0,3.77,2.07,3.58,,,1.92,1.5,1.92,1.5,1.93,2.68,1.93,2.68,1,0,1,0,0,1,0,1,-1.0,-1.0,2.58,,,0.92,-1.0,0.92,-1.0,-1.0,1.68,-1.0,1.68
positive_edge,2023-24,6858,2024-02-25T13:30:00+00:00,Eredivisie,Netherlands,Almere City,Feyenoord,away,Feyenoord,home,Almere City,0.180247,0.333917,0.15367,away,0,2,2,0,1,0,1,0,1,0,1,0,0,0,0,0,6.28,1.26,12.0,,,,,,,,,,,1,0,0,1,0,1,1,0,-1.0,0.26,-1.0,,,,,,,,,,
positive_edge,2023-24,6859,2024-02-25T13:30:00+00:00,Eredivisie,Netherlands,FC Twente,Go Ahead Eagles,home,FC Twente,away,Go Ahead Eagles,0.119193,0.302509,0.183317,home,3,0,3,0,1,0,0,1,1,0,1,0,0,0,0,0,5.29,1.4,7.82,,,2.63,,2.63,,1.53,,1.53,,0,1,0,1,1,0,1,0,-1.0,0.4,-1.0,,,-1.0,,-1.0,,0.53,,0.53,
positive_edge,2023-24,6860,2024-02-25T15:45:00+00:00,Eredivisie,Netherlands,AZ,Ajax,home,AZ,away,Ajax,0.023692,0.265111,0.241419,home,2,0,2,0,1,0,1,0,1,0,1,0,0,0,0,0,4.02,1.95,3.72,,,2.19,1.56,2.19,1.56,1.72,2.53,1.72,2.53,0,1,0,1,1,0,1,0,-1.0,0.95,-1.0,,,-1.0,0.56,-1.0,0.56,0.72,-1.0,0.72,-1.0
positive_edge,2023-24,6861,2024-02-25T19:00:00+00:00,Eredivisie,Netherlands,FC Volendam,SC Heerenveen,away,SC Heerenveen,home,FC Volendam,0.035833,0.255711,0.219877,away,0,4,4,0,1,0,0,1,0,0,1,0,0,0,0,0,4.41,1.6,5.57,,,1.42,2.39,2.39,1.42,2.97,1.61,1.61,2.97,1,0,0,1,0,1,1,0,-1.0,0.6,-1.0,,,0.42,-1.0,-1.0,0.42,-1.0,0.61,0.61,-1.0
positive_edge,2023-24,6862,2024-03-01T19:00:00+00:00,Eredivisie,Netherlands,FC Volendam,NEC,away,NEC,home,FC Volendam,0.025412,0.245899,0.220487,away,2,5,7,0,1,0,0,1,0,1,0,0,0,0,0,0,4.4,1.62,5.37,,,1.41,2.49,2.49,1.41,3.02,1.57,1.57,3.02,0,0,0,0,1,1,1,1,-1.0,0.62,-1.0,,,-1.0,-1.0,-1.0,-1.0,2.02,0.57,0.57,2.02
positive_edge,2023-24,6863,2024-03-02T17:45:00+00:00,Eredivisie,Netherlands,Go Ahead Eagles,RKC Waalwijk,home,Go Ahead Eagles,away,RKC Waalwijk,0.04263,0.300441,0.257811,home,1,0,1,0,1,0,1,0,1,0,1,0,0,1,0,0,3.77,1.99,3.83,,,2.03,1.45,2.03,1.45,1.83,2.86,1.83,2.86,1,1,1,1,0,0,0,0,-1.0,0.99,-1.0,,,1.03,0.45,1.03,0.45,-1.0,-1.0,-1.0,-1.0
positive_edge,2023-24,6864,2024-03-02T19:00:00+00:00,Eredivisie,Netherlands,Vitesse,FC Twente,away,FC Twente,home,Vitesse,0.040777,0.275286,0.234509,away,1,2,3,0,1,0,0,1,1,1,0,0,0,0,0,0,4.14,1.71,4.91,,,,2.3,2.3,,,1.65,1.65,,1,0,0,1,0,1,1,0,-1.0,0.71,-1.0,,,,-1.0,-1.0,,,0.65,0.65,
positive_edge,2023-24,6865,2024-03-02T20:00:00+00:00,Eredivisie,Netherlands,Sparta Rotterdam,AZ,away,AZ,home,Sparta Rotterdam,0.013514,0.284902,0.271387,draw,1,1,2,1,0,0,1,0,1,1,0,0,1,0,0,0,3.58,2.04,3.85,,,,1.81,1.81,,,2.06,2.06,,1,1,1,1,0,0,0,0,2.58,-1.0,-1.0,,,,0.81,0.81,,,-1.0,-1.0,
positive_edge,2023-24,6866,2024-03-03T11:15:00+00:00,Eredivisie,Netherlands,Ajax,FC Utrecht,home,Ajax,away,FC Utrecht,0.006608,0.264174,0.257565,home,2,0,2,0,1,0,1,0,1,0,1,0,0,0,0,0,3.77,2.02,3.71,,,1.92,1.46,1.92,1.46,1.92,2.81,1.92,2.81,0,1,0,1,1,0,1,0,-1.0,1.02,-1.0,,,-1.0,0.46,-1.0,0.46,0.92,-1.0,0.92,-1.0
positive_edge,2023-24,6867,2024-03-03T13:30:00+00:00,Eredivisie,Netherlands,PSV,Feyenoord,home,PSV,away,Feyenoord,0.008572,0.269653,0.261082,draw,2,2,4,1,0,0,0,1,0,1,0,0,0,0,0,1,3.71,1.88,4.33,,,2.1,1.42,2.1,1.42,1.77,2.98,1.77,2.98,0,0,0,0,1,1,1,1,2.71,-1.0,-1.0,,,-1.0,-1.0,-1.0,-1.0,0.77,1.98,0.77,1.98
positive_edge,2023-24,6868,2024-03-03T13:30:00+00:00,Eredivisie,Netherlands,SC Heerenveen,PEC Zwolle,home,SC Heerenveen,away,PEC Zwolle,0.029613,0.224371,0.194759,home,2,0,2,0,1,0,1,0,1,0,1,0,0,0,0,0,4.97,1.45,7.03,,,2.57,,2.57,,1.54,,1.54,,0,1,0,1,1,0,1,0,-1.0,0.45,-1.0,,,-1.0,,-1.0,,0.54,,0.54,
positive_edge,2023-24,6869,2024-03-03T15:45:00+00:00,Eredivisie,Netherlands,Fortuna Sittard,Excelsior,home,Fortuna Sittard,away,Excelsior,0.020086,0.275398,0.255312,home,5,2,7,0,1,0,0,1,0,1,0,0,0,0,0,0,3.81,1.88,4.28,,,1.94,,1.94,,1.91,,1.91,,0,0,0,0,1,1,1,1,-1.0,0.88,-1.0,,,-1.0,,-1.0,,0.91,,0.91,
positive_edge,2023-24,6870,2024-03-03T19:00:00+00:00,Eredivisie,Netherlands,Heracles Almelo,Almere City,home,Heracles Almelo,away,Almere City,0.016066,0.314461,0.298395,draw,2,2,4,1,0,0,0,1,0,1,0,0,0,0,0,1,3.26,2.7,2.85,,,1.52,1.51,1.52,1.51,2.63,2.66,2.63,2.66,0,0,0,0,1,1,1,1,2.26,-1.0,-1.0,,,-1.0,-1.0,-1.0,-1.0,1.63,1.66,1.63,1.66
positive_edge,2023-24,6871,2024-03-08T19:00:00+00:00,Eredivisie,Netherlands,Go Ahead Eagles,PSV,away,PSV,home,Go Ahead Eagles,0.071779,0.248349,0.176569,away,0,1,1,0,1,0,1,0,1,0,1,0,0,0,1,0,5.48,1.39,7.6,,,,,,,,,,,1,1,1,1,0,0,0,0,-1.0,0.39,-1.0,,,,,,,,,,
positive_edge,2023-24,6872,2024-03-09T17:45:00+00:00,Eredivisie,Netherlands,FC Twente,Sparta Rotterdam,home,FC Twente,away,Sparta Rotterdam,0.074638,0.265374,0.190736,home,2,1,3,0,1,0,0,1,1,1,0,0,0,0,0,0,5.08,1.4,8.27,,,2.58,,2.58,,1.54,,1.54,,0,1,0,1,1,0,1,0,-1.0,0.4,-1.0,,,-1.0,,-1.0,,0.54,,0.54,
positive_edge,2023-24,6873,2024-03-09T19:00:00+00:00,Eredivisie,Netherlands,Almere City,FC Utrecht,away,FC Utrecht,home,Almere City,0.004115,0.303163,0.299048,draw,1,1,2,1,0,0,1,0,1,1,0,0,1,0,0,0,3.25,2.2,3.75,,,,1.6,1.6,,,2.42,2.42,,1,1,1,1,0,0,0,0,2.25,-1.0,-1.0,,,,0.6,0.6,,,-1.0,-1.0,
positive_edge,2023-24,6874,2024-03-09T20:00:00+00:00,Eredivisie,Netherlands,RKC Waalwijk,Vitesse,home,RKC Waalwijk,away,Vitesse,0.031349,0.312523,0.281174,home,3,1,4,0,1,0,0,1,0,1,0,0,0,0,0,0,3.46,2.34,3.21,,,1.72,1.49,1.72,1.49,2.18,2.72,2.18,2.72,0,1,0,1,1,0,1,0,-1.0,1.34,-1.0,,,-1.0,0.49,-1.0,0.49,1.18,-1.0,1.18,-1.0
positive_edge,2023-24,6875,2024-03-10T11:15:00+00:00,Eredivisie,Netherlands,AZ,Excelsior,home,AZ,away,Excelsior,0.1241,0.255679,0.131579,home,4,0,4,0,1,0,0,1,0,0,1,0,0,0,0,0,7.33,1.21,13.52,,,,,,,,,,,0,1,0,1,1,0,1,0,-1.0,0.21,-1.0,,,,,,,,,,
positive_edge,2023-24,6876,2024-03-10T13:30:00+00:00,Eredivisie,Netherlands,Ajax,Fortuna Sittard,home,Ajax,away,Fortuna Sittard,0.034905,0.253593,0.218688,draw,2,2,4,1,0,0,0,1,0,1,0,0,0,0,0,1,4.43,1.52,6.73,,,2.28,,2.28,,1.67,,1.67,,0,0,0,0,1,1,1,1,3.43,-1.0,-1.0,,,-1.0,,-1.0,,0.67,,0.67,
positive_edge,2023-24,6877,2024-03-10T13:30:00+00:00,Eredivisie,Netherlands,PEC Zwolle,FC Volendam,home,PEC Zwolle,away,FC Volendam,0.073562,0.26196,0.188398,draw,1,1,2,1,0,0,1,0,1,1,0,0,1,0,0,0,5.13,1.43,7.12,,,2.59,,2.59,,1.54,,1.54,,1,1,1,1,0,0,0,0,4.13,-1.0,-1.0,,,1.59,,1.59,,-1.0,,-1.0,
positive_edge,2023-24,6879,2024-03-10T19:00:00+00:00,Eredivisie,Netherlands,Feyenoord,Heracles Almelo,home,Feyenoord,away,Heracles Almelo,0.200775,0.26614,0.065365,home,3,0,3,0,1,0,0,1,1,0,1,0,0,0,0,0,14.83,1.08,26.14,,,,,,,,,,,0,1,0,1,1,0,1,0,-1.0,0.08,-1.0,,,,,,,,,,
positive_edge,2023-24,6880,2024-03-15T19:00:00+00:00,Eredivisie,Netherlands,Heracles Almelo,Go Ahead Eagles,away,Go Ahead Eagles,home,Heracles Almelo,0.040022,0.303314,0.263292,home,2,0,2,0,0,1,1,0,1,0,1,0,0,0,0,0,3.67,2.29,3.07,,,1.66,1.92,1.92,1.66,2.28,1.92,1.92,2.28,0,1,1,0,1,0,0,1,-1.0,-1.0,2.07,,,-1.0,0.92,0.92,-1.0,1.28,-1.0,-1.0,1.28
positive_edge,2023-24,6883,2024-03-16T20:00:00+00:00,Eredivisie,Netherlands,Vitesse,Almere City,home,Vitesse,away,Almere City,0.002738,0.288661,0.285923,draw,1,1,2,1,0,0,1,0,1,1,0,0,1,0,0,0,3.4,2.22,3.52,,,1.65,1.4,1.65,1.4,2.3,3.02,2.3,3.02,1,1,1,1,0,0,0,0,2.4,-1.0,-1.0,,,0.65,0.4,0.65,0.4,-1.0,-1.0,-1.0,-1.0
positive_edge,2023-24,6884,2024-03-17T11:15:00+00:00,Eredivisie,Netherlands,FC Volendam,AZ,away,AZ,home,FC Volendam,0.108523,0.233429,0.124906,away,0,4,4,0,1,0,0,1,0,0,1,0,0,0,0,0,7.73,1.19,15.15,,,,,,,,,,,1,0,0,1,0,1,1,0,-1.0,0.19,-1.0,,,,,,,,,,
positive_edge,2023-24,6885,2024-03-17T13:30:00+00:00,Eredivisie,Netherlands,SC Heerenveen,Feyenoord,away,Feyenoord,home,SC Heerenveen,0.08846,0.274117,0.185657,away,2,3,5,0,1,0,0,1,0,1,0,0,0,0,0,0,5.22,1.41,7.63,,,,2.63,2.63,,,1.52,1.52,,0,0,0,0,1,1,1,1,-1.0,0.41,-1.0,,,,-1.0,-1.0,,,0.52,0.52,
positive_edge,2023-24,6886,2024-03-17T13:30:00+00:00,Eredivisie,Netherlands,FC Utrecht,NEC,home,FC Utrecht,away,NEC,0.006846,0.279021,0.272175,home,1,0,1,0,1,0,1,0,1,0,1,0,0,1,0,0,3.57,2.07,3.76,,,1.9,1.44,1.9,1.44,1.95,2.91,1.95,2.91,1,1,1,1,0,0,0,0,-1.0,1.07,-1.0,,,0.9,0.44,0.9,0.44,-1.0,-1.0,-1.0,-1.0
positive_edge,2023-24,6888,2024-03-17T19:00:00+00:00,Eredivisie,Netherlands,PSV,FC Twente,home,PSV,away,FC Twente,0.088548,0.268548,0.18,home,1,0,1,0,1,0,1,0,1,0,1,0,0,1,0,0,5.37,1.4,7.46,,,,,,,,,,,1,1,1,1,0,0,0,0,-1.0,0.4,-1.0,,,,,,,,,,
positive_edge,2023-24,6889,2024-03-30T15:30:00+00:00,Eredivisie,Netherlands,NEC,PSV,away,PSV,home,NEC,0.106181,0.278149,0.171968,home,3,1,4,0,0,1,0,1,0,1,0,0,0,0,0,0,5.61,1.37,7.79,,,,,,,,,,,0,1,1,0,1,0,0,1,-1.0,-1.0,6.79,,,,,,,,,,
positive_edge,2023-24,6891,2024-03-30T19:00:00+00:00,Eredivisie,Netherlands,Go Ahead Eagles,Excelsior,home,Go Ahead Eagles,away,Excelsior,0.098342,0.297206,0.198864,home,3,0,3,0,1,0,0,1,1,0,1,0,0,0,0,0,4.85,1.49,6.27,,,2.62,,2.62,,1.52,,1.52,,0,1,0,1,1,0,1,0,-1.0,0.49,-1.0,,,-1.0,,-1.0,,0.52,,0.52,
positive_edge,2023-24,6892,2024-03-30T19:00:00+00:00,Eredivisie,Netherlands,RKC Waalwijk,SC Heerenveen,away,SC Heerenveen,home,RKC Waalwijk,0.003405,0.274783,0.271378,draw,1,1,2,1,0,0,1,0,1,1,0,0,1,0,0,0,3.56,2.45,2.89,,,1.61,1.75,1.75,1.61,2.39,2.14,2.14,2.39,1,1,1,1,0,0,0,0,2.56,-1.0,-1.0,,,0.61,0.75,0.75,0.61,-1.0,-1.0,-1.0,-1.0
positive_edge,2023-24,6893,2024-03-30T20:00:00+00:00,Eredivisie,Netherlands,AZ,Vitesse,home,AZ,away,Vitesse,0.09005,0.225261,0.135211,home,2,0,2,0,1,0,1,0,1,0,1,0,0,0,0,0,7.08,1.21,13.0,,,,,,,,,,,0,1,0,1,1,0,1,0,-1.0,0.21,-1.0,,,,,,,,,,
positive_edge,2023-24,6894,2024-03-31T10:15:00+00:00,Eredivisie,Netherlands,PEC Zwolle,Ajax,away,Ajax,home,PEC Zwolle,0.041253,0.255893,0.21464,away,1,3,4,0,1,0,0,1,0,1,0,0,0,0,0,0,4.48,1.58,5.44,,,1.42,2.63,2.63,1.42,2.96,1.52,1.52,2.96,1,0,0,1,0,1,1,0,-1.0,0.58,-1.0,,,0.42,-1.0,-1.0,0.42,-1.0,0.52,0.52,-1.0
positive_edge,2023-24,6895,2024-03-31T12:30:00+00:00,Eredivisie,Netherlands,FC Twente,Heracles Almelo,home,FC Twente,away,Heracles Almelo,0.156069,0.283881,0.127811,home,1,0,1,0,1,0,1,0,1,0,1,0,0,1,0,0,7.52,1.19,14.9,,,,,,,,,,,1,1,1,1,0,0,0,0,-1.0,0.19,-1.0,,,,,,,,,,
positive_edge,2023-24,6896,2024-03-31T12:30:00+00:00,Eredivisie,Netherlands,Feyenoord,FC Utrecht,home,Feyenoord,away,FC Utrecht,0.12497,0.280717,0.155747,home,4,2,6,0,1,0,0,1,0,1,0,0,0,0,0,0,6.18,1.29,9.81,,,,,,,,,,,0,0,0,0,1,1,1,1,-1.0,0.29,-1.0,,,,,,,,,,
positive_edge,2023-24,6897,2024-03-31T14:45:00+00:00,Eredivisie,Netherlands,Almere City,FC Volendam,home,Almere City,away,FC Volendam,0.079879,0.269682,0.189803,draw,1,1,2,1,0,0,1,0,1,1,0,0,1,0,0,0,5.08,1.41,7.63,,,2.57,,2.57,,1.54,,1.54,,1,1,1,1,0,0,0,0,4.08,-1.0,-1.0,,,1.57,,1.57,,-1.0,,-1.0,
positive_edge,2023-24,6899,2024-04-02T18:00:00+00:00,Eredivisie,Netherlands,Excelsior,PSV,away,PSV,home,Excelsior,0.149537,0.245728,0.096191,away,0,2,2,0,1,0,1,0,1,0,1,0,0,0,0,0,9.98,1.13,17.69,,,,,,,,,,,1,0,0,1,0,1,1,0,-1.0,0.13,-1.0,,,,,,,,,,
positive_edge,2023-24,6901,2024-04-03T16:45:00+00:00,Eredivisie,Netherlands,Heracles Almelo,AZ,away,AZ,home,Heracles Almelo,0.051396,0.257121,0.205724,home,5,0,5,0,0,1,0,1,0,0,1,0,0,0,0,0,4.68,1.45,7.39,,,,2.55,2.55,,,1.55,1.55,,0,1,1,0,1,0,0,1,-1.0,-1.0,6.39,,,,1.55,1.55,,,-1.0,-1.0,
positive_edge,2023-24,6902,2024-04-03T18:00:00+00:00,Eredivisie,Netherlands,FC Utrecht,PEC Zwolle,home,FC Utrecht,away,PEC Zwolle,0.052631,0.259072,0.20644,home,5,1,6,0,1,0,0,1,0,1,0,0,0,0,0,0,4.67,1.47,7.0,,,2.65,,2.65,,1.51,,1.51,,0,1,0,1,1,0,1,0,-1.0,0.47,-1.0,,,-1.0,,-1.0,,0.51,,0.51,
positive_edge,2023-24,6903,2024-04-03T19:00:00+00:00,Eredivisie,Netherlands,SC Heerenveen,FC Twente,away,FC Twente,home,SC Heerenveen,0.04479,0.293228,0.248439,draw,3,3,6,1,0,0,0,1,0,1,0,0,0,0,0,0,3.89,1.84,4.27,,,1.42,2.03,2.03,1.42,2.98,1.83,1.83,2.98,0,0,0,0,1,1,1,1,2.89,-1.0,-1.0,,,-1.0,-1.0,-1.0,-1.0,1.98,0.83,0.83,1.98
positive_edge,2023-24,6904,2024-04-04T16:45:00+00:00,Eredivisie,Netherlands,FC Volendam,Feyenoord,away,Feyenoord,home,FC Volendam,0.136342,0.21342,0.077078,draw,0,0,0,1,0,0,1,0,1,0,1,1,0,0,0,0,12.46,1.09,22.96,,,,,,,,,,,1,1,1,1,0,0,0,0,11.46,-1.0,-1.0,,,,,,,,,,
positive_edge,2023-24,6905,2024-04-04T18:00:00+00:00,Eredivisie,Netherlands,RKC Waalwijk,Almere City,home,RKC Waalwijk,away,Almere City,0.026952,0.305652,0.278699,draw,0,0,0,1,0,0,1,0,1,0,1,1,0,0,0,0,3.47,2.09,3.74,,,1.77,1.41,1.77,1.41,2.1,3.01,2.1,3.01,1,1,1,1,0,0,0,0,2.47,-1.0,-1.0,,,0.77,0.41,0.77,0.41,-1.0,-1.0,-1.0,-1.0
positive_edge,2023-24,6906,2024-04-04T19:00:00+00:00,Eredivisie,Netherlands,Ajax,Go Ahead Eagles,home,Ajax,away,Go Ahead Eagles,0.05475,0.271615,0.216865,draw,1,1,2,1,0,0,1,0,1,1,0,0,1,0,0,0,4.44,1.6,5.31,,,2.57,,2.57,,1.52,,1.52,,1,1,1,1,0,0,0,0,3.44,-1.0,-1.0,,,1.57,,1.57,,-1.0,,-1.0,
positive_edge,2023-24,6907,2024-04-06T14:30:00+00:00,Eredivisie,Netherlands,Sparta Rotterdam,Heracles Almelo,home,Sparta Rotterdam,away,Heracles Almelo,0.032212,0.251634,0.219422,away,1,2,3,0,0,1,0,1,1,1,0,0,0,0,0,0,4.39,1.63,5.08,,,2.52,,2.52,,1.56,,1.56,,1,0,1,0,0,1,0,1,-1.0,-1.0,4.08,,,1.52,,1.52,,-1.0,,-1.0,
positive_edge,2023-24,6908,2024-04-06T16:45:00+00:00,Eredivisie,Netherlands,PSV,AZ,home,PSV,away,AZ,0.072923,0.26022,0.187297,home,5,1,6,0,1,0,0,1,0,1,0,0,0,0,0,0,5.13,1.41,7.32,,,2.63,,2.63,,1.53,,1.53,,0,1,0,1,1,0,1,0,-1.0,0.41,-1.0,,,-1.0,,-1.0,,0.53,,0.53,
positive_edge,2023-24,6909,2024-04-06T18:00:00+00:00,Eredivisie,Netherlands,PEC Zwolle,Excelsior,home,PEC Zwolle,away,Excelsior,0.014525,0.27208,0.257555,home,2,1,3,0,1,0,0,1,1,1,0,0,0,0,0,0,3.75,1.97,3.83,,,1.98,1.46,1.98,1.46,1.88,2.84,1.88,2.84,0,1,0,1,1,0,1,0,-1.0,0.97,-1.0,,,-1.0,0.46,-1.0,0.46,0.88,-1.0,0.88,-1.0
positive_edge,2023-24,6910,2024-04-06T19:00:00+00:00,Eredivisie,Netherlands,FC Twente,Fortuna Sittard,home,FC Twente,away,Fortuna Sittard,0.063321,0.256076,0.192754,home,2,0,2,0,1,0,1,0,1,0,1,0,0,0,0,0,5.0,1.4,8.11,,,2.64,,2.64,,1.55,,1.55,,0,1,0,1,1,0,1,0,-1.0,0.4,-1.0,,,-1.0,,-1.0,,0.55,,0.55,
positive_edge,2023-24,6912,2024-04-07T12:30:00+00:00,Eredivisie,Netherlands,Feyenoord,Ajax,home,Feyenoord,away,Ajax,0.090481,0.261868,0.171386,home,6,0,6,0,1,0,0,1,0,0,1,0,0,0,0,0,5.63,1.36,8.1,,,,,,,,,,,0,1,0,1,1,0,1,0,-1.0,0.36,-1.0,,,,,,,,,,
positive_edge,2023-24,6913,2024-04-07T12:30:00+00:00,Eredivisie,Netherlands,Go Ahead Eagles,Almere City,home,Go Ahead Eagles,away,Almere City,0.078885,0.319928,0.241043,draw,1,1,2,1,0,0,1,0,1,1,0,0,1,0,0,0,4.01,1.71,4.99,,,2.16,,2.16,,1.75,,1.75,,1,1,1,1,0,0,0,0,3.01,-1.0,-1.0,,,1.16,,1.16,,-1.0,,-1.0,
positive_edge,2023-24,6914,2024-04-07T14:45:00+00:00,Eredivisie,Netherlands,FC Volendam,RKC Waalwijk,away,RKC Waalwijk,home,FC Volendam,0.070022,0.316485,0.246463,home,3,2,5,0,0,1,0,1,0,1,0,0,0,0,0,0,3.92,2.02,3.51,,,1.55,2.07,2.07,1.55,2.54,1.81,1.81,2.54,0,0,0,0,1,1,1,1,-1.0,-1.0,2.51,,,-1.0,-1.0,-1.0,-1.0,1.54,0.81,0.81,1.54
positive_edge,2023-24,6916,2024-04-12T18:00:00+00:00,Eredivisie,Netherlands,Excelsior,FC Volendam,home,Excelsior,away,FC Volendam,0.041607,0.269652,0.228046,home,4,0,4,0,1,0,0,1,0,0,1,0,0,0,0,0,4.23,1.73,4.5,,,2.48,1.47,2.48,1.47,1.57,2.77,1.57,2.77,0,1,0,1,1,0,1,0,-1.0,0.73,-1.0,,,-1.0,0.47,-1.0,0.47,0.57,-1.0,0.57,-1.0
positive_edge,2023-24,6917,2024-04-13T14:30:00+00:00,Eredivisie,Netherlands,PSV,Vitesse,home,PSV,away,Vitesse,0.137032,0.196316,0.059284,home,6,0,6,0,1,0,0,1,0,0,1,0,0,0,0,0,16.14,1.05,32.51,,,,,,,,,,,0,1,0,1,1,0,1,0,-1.0,0.05,-1.0,,,,,,,,,,
positive_edge,2023-24,6918,2024-04-13T16:45:00+00:00,Eredivisie,Netherlands,AZ,RKC Waalwijk,home,AZ,away,RKC Waalwijk,0.094754,0.258687,0.163933,home,3,2,5,0,1,0,0,1,0,1,0,0,0,0,0,0,5.87,1.3,10.04,,,,,,,,,,,0,0,0,0,1,1,1,1,-1.0,0.3,-1.0,,,,,,,,,,
positive_edge,2023-24,6919,2024-04-13T19:00:00+00:00,Eredivisie,Netherlands,Almere City,Sparta Rotterdam,away,Sparta Rotterdam,home,Almere City,0.000916,0.288199,0.287284,away,2,3,5,0,1,0,0,1,0,1,0,0,0,0,0,0,3.37,2.54,2.92,,,1.53,1.64,1.64,1.53,2.56,2.33,2.33,2.56,0,0,0,0,1,1,1,1,-1.0,1.54,-1.0,,,-1.0,-1.0,-1.0,-1.0,1.56,1.33,1.33,1.56
positive_edge,2023-24,6921,2024-04-14T12:30:00+00:00,Eredivisie,Netherlands,Fortuna Sittard,Feyenoord,away,Feyenoord,home,Fortuna Sittard,0.045021,0.218935,0.173914,away,0,1,1,0,1,0,1,0,1,0,1,0,0,0,1,0,5.54,1.36,8.19,,,,,,,,,,,1,1,1,1,0,0,0,0,-1.0,0.36,-1.0,,,,,,,,,,
positive_edge,2023-24,6924,2024-04-14T18:00:00+00:00,Eredivisie,Netherlands,NEC,PEC Zwolle,home,NEC,away,PEC Zwolle,0.00723,0.221258,0.214028,draw,2,2,4,1,0,0,0,1,0,1,0,0,0,0,0,1,4.5,1.58,5.46,,,2.64,,2.64,,1.51,,1.51,,0,0,0,0,1,1,1,1,3.5,-1.0,-1.0,,,-1.0,,-1.0,,0.51,,0.51,
positive_edge,2023-24,6925,2024-04-24T16:45:00+00:00,Eredivisie,Netherlands,FC Twente,Almere City,home,FC Twente,away,Almere City,0.10835,0.272105,0.163756,home,3,1,4,0,1,0,0,1,0,1,0,0,0,0,0,0,5.84,1.26,12.38,,,,,,,,,,,0,1,0,1,1,0,1,0,-1.0,0.26,-1.0,,,,,,,,,,
positive_edge,2023-24,6926,2024-04-24T19:00:00+00:00,Eredivisie,Netherlands,Ajax,Excelsior,home,Ajax,away,Excelsior,0.088137,0.253146,0.16501,draw,2,2,4,1,0,0,0,1,0,1,0,0,0,0,0,1,5.83,1.35,7.86,,,,,,,,,,,0,0,0,0,1,1,1,1,4.83,-1.0,-1.0,,,,,,,,,,
positive_edge,2023-24,6927,2024-04-25T16:45:00+00:00,Eredivisie,Netherlands,SC Heerenveen,PSV,away,PSV,home,SC Heerenveen,0.041798,0.21874,0.176942,away,0,8,8,0,1,0,0,1,0,0,1,0,0,0,0,0,5.45,1.36,8.46,,,,,,,,,,,1,0,0,1,0,1,1,0,-1.0,0.36,-1.0,,,,,,,,,,
positive_edge,2023-24,6928,2024-04-25T19:00:00+00:00,Eredivisie,Netherlands,Go Ahead Eagles,Feyenoord,away,Feyenoord,home,Go Ahead Eagles,0.037646,0.25803,0.220385,away,1,3,4,0,1,0,0,1,0,1,0,0,0,0,0,0,4.37,1.6,5.42,,,,2.63,2.63,,,1.52,1.52,,1,0,0,1,0,1,1,0,-1.0,0.6,-1.0,,,,-1.0,-1.0,,,0.52,0.52,
positive_edge,2023-24,6929,2024-04-28T10:15:00+00:00,Eredivisie,Netherlands,PEC Zwolle,Heracles Almelo,home,PEC Zwolle,away,Heracles Almelo,0.000883,0.254826,0.253943,home,3,1,4,0,1,0,0,1,0,1,0,0,0,0,0,0,3.81,2.12,3.34,,,2.1,1.66,2.1,1.66,1.78,2.29,1.78,2.29,0,1,0,1,1,0,1,0,-1.0,1.12,-1.0,,,-1.0,0.66,-1.0,0.66,0.78,-1.0,0.78,-1.0
positive_edge,2023-24,6932,2024-04-28T12:30:00+00:00,Eredivisie,Netherlands,Sparta Rotterdam,FC Volendam,home,Sparta Rotterdam,away,FC Volendam,0.085419,0.221604,0.136185,home,1,0,1,0,1,0,1,0,1,0,1,0,0,1,0,0,7.08,1.24,11.18,,,,,,,,,,,1,1,1,1,0,0,0,0,-1.0,0.24,-1.0,,,,,,,,,,
positive_edge,2023-24,6933,2024-04-28T14:45:00+00:00,Eredivisie,Netherlands,Vitesse,Fortuna Sittard,away,Fortuna Sittard,home,Vitesse,0.026278,0.284221,0.257943,home,3,2,5,0,0,1,0,1,0,1,0,0,0,0,0,0,3.75,2.26,3.08,,,1.52,1.79,1.79,1.52,2.63,2.09,2.09,2.63,0,0,0,0,1,1,1,1,-1.0,-1.0,2.08,,,-1.0,-1.0,-1.0,-1.0,1.63,1.09,1.09,1.63
positive_edge,2023-24,6935,2024-05-03T18:00:00+00:00,Eredivisie,Netherlands,Fortuna Sittard,Go Ahead Eagles,home,Fortuna Sittard,away,Go Ahead Eagles,0.001113,0.272861,0.271748,draw,0,0,0,1,0,0,1,0,1,0,1,1,0,0,0,0,3.56,2.41,2.96,,,1.75,1.57,1.75,1.57,2.15,2.48,2.15,2.48,1,1,1,1,0,0,0,0,2.56,-1.0,-1.0,,,0.75,0.57,0.75,0.57,-1.0,-1.0,-1.0,-1.0
positive_edge,2023-24,6937,2024-05-05T10:15:00+00:00,Eredivisie,Netherlands,PSV,Sparta Rotterdam,home,PSV,away,Sparta Rotterdam,0.112613,0.194742,0.082129,home,4,2,6,0,1,0,0,1,0,1,0,0,0,0,0,0,11.75,1.11,19.9,,,,,,,,,,,0,0,0,0,1,1,1,1,-1.0,0.11,-1.0,,,,,,,,,,
positive_edge,2023-24,6938,2024-05-05T12:30:00+00:00,Eredivisie,Netherlands,FC Utrecht,Vitesse,home,FC Utrecht,away,Vitesse,0.06071,0.212451,0.151741,home,1,0,1,0,1,0,1,0,1,0,1,0,0,1,0,0,6.31,1.27,10.15,,,2.61,,2.61,,1.52,,1.52,,1,1,1,1,0,0,0,0,-1.0,0.27,-1.0,,,1.61,,1.61,,-1.0,,-1.0,
positive_edge,2023-24,6939,2024-05-05T12:30:00+00:00,Eredivisie,Netherlands,FC Volendam,Ajax,away,Ajax,home,FC Volendam,0.112238,0.264099,0.151861,away,1,4,5,0,1,0,0,1,0,1,0,0,0,0,0,0,6.34,1.33,7.75,,,1.43,,,1.43,2.97,,,2.97,1,0,0,1,0,1,1,0,-1.0,0.33,-1.0,,,0.43,,,0.43,-1.0,,,-1.0
positive_edge,2023-24,6941,2024-05-05T18:00:00+00:00,Eredivisie,Netherlands,Feyenoord,PEC Zwolle,home,Feyenoord,away,PEC Zwolle,0.147608,0.224345,0.076737,home,5,0,5,0,1,0,0,1,0,0,1,0,0,0,0,0,12.51,1.09,22.56,,,,,,,,,,,0,1,0,1,1,0,1,0,-1.0,0.09,-1.0,,,,,,,,,,
positive_edge,2023-24,6943,2024-05-12T12:30:00+00:00,Eredivisie,Netherlands,Go Ahead Eagles,AZ,away,AZ,home,Go Ahead Eagles,0.044247,0.266233,0.221987,away,0,3,3,0,1,0,0,1,1,0,1,0,0,0,0,0,4.34,1.68,4.71,,,1.45,2.48,2.48,1.45,2.86,1.57,1.57,2.86,1,0,0,1,0,1,1,0,-1.0,0.68,-1.0,,,0.45,-1.0,-1.0,0.45,-1.0,0.57,0.57,-1.0
positive_edge,2023-24,6944,2024-05-12T12:30:00+00:00,Eredivisie,Netherlands,SC Heerenveen,Vitesse,home,SC Heerenveen,away,Vitesse,0.045919,0.256711,0.210792,away,1,3,4,0,0,1,0,1,0,1,0,0,0,0,0,0,4.57,1.63,4.86,,,2.6,1.49,2.6,1.49,1.52,2.73,1.52,2.73,1,0,1,0,0,1,0,1,-1.0,-1.0,3.86,,,1.6,-1.0,1.6,-1.0,-1.0,1.73,-1.0,1.73
positive_edge,2023-24,6946,2024-05-12T12:30:00+00:00,Eredivisie,Netherlands,NEC,Feyenoord,away,Feyenoord,home,NEC,0.015646,0.239551,0.223905,away,2,3,5,0,1,0,0,1,0,1,0,0,0,0,0,0,4.31,1.7,4.63,,,1.47,2.54,2.54,1.47,2.8,1.55,1.55,2.8,0,0,0,0,1,1,1,1,-1.0,0.7,-1.0,,,-1.0,-1.0,-1.0,-1.0,1.8,0.55,0.55,1.8
positive_edge,2023-24,6947,2024-05-12T12:30:00+00:00,Eredivisie,Netherlands,Fortuna Sittard,PSV,away,PSV,home,Fortuna Sittard,0.039616,0.191103,0.151486,draw,1,1,2,1,0,0,1,0,1,1,0,0,1,0,0,0,6.31,1.29,8.89,,,,,,,,,,,1,1,1,1,0,0,0,0,5.31,-1.0,-1.0,,,,,,,,,,
positive_edge,2023-24,6948,2024-05-12T12:30:00+00:00,Eredivisie,Netherlands,FC Twente,FC Volendam,home,FC Twente,away,FC Volendam,0.188534,0.248074,0.059541,home,7,2,9,0,1,0,0,1,0,1,0,0,0,0,0,0,16.12,1.06,27.43,,,,,,,,,,,0,0,0,0,1,1,1,1,-1.0,0.06,-1.0,,,,,,,,,,
positive_edge,2023-24,6949,2024-05-12T12:30:00+00:00,Eredivisie,Netherlands,Excelsior,Heracles Almelo,home,Excelsior,away,Heracles Almelo,0.040878,0.259784,0.218906,home,4,0,4,0,1,0,0,1,0,0,1,0,0,0,0,0,4.41,1.69,4.6,,,2.61,1.55,2.61,1.55,1.52,2.53,1.52,2.53,0,1,0,1,1,0,1,0,-1.0,0.69,-1.0,,,-1.0,0.55,-1.0,0.55,0.52,-1.0,0.52,-1.0
positive_edge,2023-24,6950,2024-05-12T12:30:00+00:00,Eredivisie,Netherlands,Ajax,Almere City,home,Ajax,away,Almere City,0.09161,0.243523,0.151914,home,3,0,3,0,1,0,0,1,1,0,1,0,0,0,0,0,6.32,1.26,11.15,,,,,,,,,,,0,1,0,1,1,0,1,0,-1.0,0.26,-1.0,,,,,,,,,,
positive_edge,2023-24,6951,2024-05-12T12:30:00+00:00,Eredivisie,Netherlands,FC Utrecht,Sparta Rotterdam,home,FC Utrecht,away,Sparta Rotterdam,0.005014,0.245632,0.240618,away,0,1,1,0,0,1,1,0,1,0,1,0,0,0,1,0,4.01,1.78,4.44,,,2.3,1.43,2.3,1.43,1.66,2.92,1.66,2.92,1,1,1,1,0,0,0,0,-1.0,-1.0,3.44,,,1.3,0.43,1.3,0.43,-1.0,-1.0,-1.0,-1.0
positive_edge,2023-24,6952,2024-05-19T12:30:00+00:00,Eredivisie,Netherlands,Feyenoord,Excelsior,home,Feyenoord,away,Excelsior,0.09381,0.225574,0.131764,home,4,0,4,0,1,0,0,1,0,0,1,0,0,0,0,0,7.23,1.24,9.53,,,,1.42,,1.42,,2.89,,2.89,0,1,0,1,1,0,1,0,-1.0,0.24,-1.0,,,,0.42,,0.42,,-1.0,,-1.0
positive_edge,2023-24,6953,2024-05-19T12:30:00+00:00,Eredivisie,Netherlands,PSV,RKC Waalwijk,home,PSV,away,RKC Waalwijk,0.132476,0.22108,0.088604,home,3,1,4,0,1,0,0,1,0,1,0,0,0,0,0,0,10.74,1.12,15.41,,,,,,,,,,,0,1,0,1,1,0,1,0,-1.0,0.12,-1.0,,,,,,,,,,
positive_edge,2023-24,6954,2024-05-19T12:30:00+00:00,Eredivisie,Netherlands,PEC Zwolle,FC Twente,away,FC Twente,home,PEC Zwolle,0.049917,0.210286,0.160369,away,1,2,3,0,1,0,0,1,1,1,0,0,0,0,0,0,5.97,1.34,7.65,,,,,,,,,,,1,0,0,1,0,1,1,0,-1.0,0.34,-1.0,,,,,,,,,,
positive_edge,2023-24,6955,2024-05-19T12:30:00+00:00,Eredivisie,Netherlands,Heracles Almelo,Fortuna Sittard,away,Fortuna Sittard,home,Heracles Almelo,0.023145,0.27804,0.254895,draw,0,0,0,1,0,0,1,0,1,0,1,1,0,0,0,0,3.77,2.54,2.62,,,1.85,1.88,1.88,1.85,1.98,1.95,1.95,1.98,1,1,1,1,0,0,0,0,2.77,-1.0,-1.0,,,0.85,0.88,0.88,0.85,-1.0,-1.0,-1.0,-1.0
positive_edge,2023-24,6956,2024-05-19T12:30:00+00:00,Eredivisie,Netherlands,AZ,FC Utrecht,home,AZ,away,FC Utrecht,0.073287,0.257023,0.183737,draw,3,3,6,1,0,0,0,1,0,1,0,0,0,0,0,0,5.22,1.42,6.81,,,2.53,,2.53,,1.48,,1.48,,0,0,0,0,1,1,1,1,4.22,-1.0,-1.0,,,-1.0,,-1.0,,0.48,,0.48,
positive_edge,2023-24,6957,2024-05-19T12:30:00+00:00,Eredivisie,Netherlands,FC Volendam,Go Ahead Eagles,away,Go Ahead Eagles,home,FC Volendam,0.077208,0.273822,0.196613,away,1,2,3,0,1,0,0,1,1,1,0,0,0,0,0,0,4.88,1.54,5.32,,,1.59,,,1.59,2.42,,,2.42,1,0,0,1,0,1,1,0,-1.0,0.54,-1.0,,,0.59,,,0.59,-1.0,,,-1.0
positive_edge,2023-24,6958,2024-05-19T12:30:00+00:00,Eredivisie,Netherlands,Almere City,NEC,away,NEC,home,Almere City,0.000102,0.256289,0.256188,away,1,4,5,0,1,0,0,1,0,1,0,0,0,0,0,0,3.76,2.34,2.9,,,1.64,1.85,1.85,1.64,2.3,1.97,1.97,2.3,1,0,0,1,0,1,1,0,-1.0,1.34,-1.0,,,0.64,-1.0,-1.0,0.64,-1.0,0.97,0.97,-1.0
positive_edge,2023-24,6959,2024-05-19T12:30:00+00:00,Eredivisie,Netherlands,Vitesse,Ajax,away,Ajax,home,Vitesse,0.026233,0.235117,0.208885,draw,2,2,4,1,0,0,0,1,0,1,0,0,0,0,0,1,4.59,1.66,4.49,,,1.68,,,1.68,2.23,,,2.23,0,0,0,0,1,1,1,1,3.59,-1.0,-1.0,,,-1.0,,,-1.0,1.23,,,1.23
positive_edge,2023-24,6960,2024-05-19T12:30:00+00:00,Eredivisie,Netherlands,Sparta Rotterdam,SC Heerenveen,home,Sparta Rotterdam,away,SC Heerenveen,0.012613,0.237338,0.224725,home,2,1,3,0,1,0,0,1,1,1,0,0,0,0,0,0,4.26,1.68,4.66,,,2.57,1.52,2.57,1.52,1.53,2.58,1.53,2.58,0,1,0,1,1,0,1,0,-1.0,0.68,-1.0,,,-1.0,0.52,-1.0,0.52,0.53,-1.0,0.53,-1.0
positive_edge,2023-24,6962,2024-05-23T19:00:00+00:00,Eredivisie,Netherlands,FC Utrecht,Sparta Rotterdam,home,FC Utrecht,away,Sparta Rotterdam,0.010557,0.254472,0.243915,home,3,1,4,0,1,0,0,1,0,1,0,0,0,0,0,0,3.96,1.76,4.66,,,2.18,1.41,2.18,1.41,1.72,3.01,1.72,3.01,0,1,0,1,1,0,1,0,-1.0,0.76,-1.0,,,-1.0,0.41,-1.0,0.41,0.72,-1.0,0.72,-1.0
positive_edge,2023-24,6963,2024-05-26T16:00:00+00:00,Eredivisie,Netherlands,FC Utrecht,Go Ahead Eagles,home,FC Utrecht,away,Go Ahead Eagles,0.018664,0.253322,0.234658,away,1,2,3,0,0,1,0,1,1,1,0,0,0,0,0,0,4.12,1.74,4.61,,,2.31,1.41,2.31,1.41,1.65,3.01,1.65,3.01,1,0,1,0,0,1,0,1,-1.0,-1.0,3.61,,,1.31,-1.0,1.31,-1.0,-1.0,2.01,-1.0,2.01
